IDENTIFIER,TRACK_ID,TRACK_FRAME_LENGTH,TOTAL_DISPLACEMENT_PIX,TOTAL_DISPLACEMENT_MIC,END_TO_END_DISTANCE_PIX,END_TO_END_DISTANCE_MIC,PERSISTENCE,SINUOSITY,MAX_DISTANCE_PIX,MAX_DISTANCE_MIC,MEAN_DIRECTIONAL_CHANGE_RAD,MEAN_DIRECTIONAL_CHANGE_DEG,SPEED_PIX_FR,SPEED_MIC_SEC,AVERAGE_ANGULAR_VELOCITY_RAD_FR,AVERAGE_ANGULAR_VELOCITY_DEG_SEC
240917_459+2624_0p55pagarose_2xTrpNC_OD0p5_mix10pc_5s_2h55_6-CH1_spots.csv,0,60,31.194960837720867,2.0276724544518565,1.9326844595514165,0.12562448987084207,0.06195502118452476,16.140741797531366,4.315739251398319,0.28052305134089073,1.6193506503143476,92.78195781477733,0.528728149791879,0.006873465947294427,0.013702509471836405,0.15701919229485214
240917_459+2624_0p55pagarose_2xTrpNC_OD0p5_mix10pc_5s_2h55_6-CH1_spots.csv,1,60,18.92473342496673,1.2301076726228375,4.547872018609786,0.2956116812096361,0.24031366342048124,4.161228228834752,5.561128844729514,0.36147337490741843,1.4722486371693635,84.3536333036918,0.3207581936435039,0.004169856517365551,-0.020591383560067286,-0.23595987446538466
240917_459+2624_0p55pagarose_2xTrpNC_OD0p5_mix10pc_5s_2h55_6-CH1_spots.csv,2,60,36.54717051995346,2.375566083796975,3.9508877574908183,0.2568077042369032,0.10810379302369724,9.250369224147313,9.101739795994042,0.5916130867396128,1.275083157382122,73.0568834462109,0.6194435681348044,0.008052766385752457,0.05037138313689905,0.5772135323961523
240917_459+2624_0p55pagarose_2xTrpNC_OD0p5_mix10pc_5s_2h55_6-CH1_spots.csv,3,60,26.226505108196374,1.7047228320327643,7.591264651932316,0.49343220237560054,0.28945010479340894,3.4548268715042836,10.10095901907986,0.656562336240191,1.4863747594965353,85.16300049392426,0.4445170357321419,0.005778721464517845,-0.039454128973916265,-0.4521110149140439
240917_459+2624_0p55pagarose_2xTrpNC_OD0p5_mix10pc_5s_2h55_6-CH1_spots.csv,4,16,5.545294367427795,0.3604441338828067,0.3830730927628426,0.02489975102958477,0.06908074979985823,14.475812768350297,1.863385673117173,0.12112006875261624,1.7593169386821257,100.80143541236204,0.3696862911618529,0.004805921785104088,0.17802732865759482,2.040042914013719
240917_459+2624_0p55pagarose_2xTrpNC_OD0p5_mix10pc_5s_2h55_6-CH1_spots.csv,5,59,33.178941992913735,2.156631229539393,3.443079488117337,0.22380016672762693,0.1037730343798395,9.63641475818958,6.315057820656941,0.4104787583427012,1.4939514814734003,85.59711468574264,0.5720507240157541,0.007436659412204803,0.018974688554000318,0.2174339143438818
240917_459+2624_0p55pagarose_2xTrpNC_OD0p5_mix10pc_5s_2h55_6-CH1_spots.csv,6,60,28.575211445265833,1.8573887439422792,2.9302456819910816,0.1904659693294203,0.10254502184887758,9.75181419799898,5.488386024523249,0.35674509159401124,1.2405033027962347,71.07560372226347,0.48432561771637006,0.006296233030312811,-0.0033091255511983057,-0.03791978559251303
240917_459+2624_0p55pagarose_2xTrpNC_OD0p5_mix10pc_5s_2h55_6-CH1_spots.csv,7,60,47.157598446790125,3.0652438990413584,9.967798570029709,0.6479069070519311,0.21137205664272302,4.7309943229169376,13.250756206711984,0.8612991534362789,1.5333271223149358,87.85317272158558,0.7992813296066122,0.01039065728488596,-0.011827524413237455,-0.13553344619329033
240917_459+2624_0p55pagarose_2xTrpNC_OD0p5_mix10pc_5s_2h55_6-CH1_spots.csv,8,60,24.534184309856798,1.594721980140692,1.425153058054507,0.09263494877354296,0.05808846302185563,17.21512238366081,6.841372456570627,0.4446892096770908,1.331187812161932,76.27144337613251,0.4158336323704541,0.005405837220815904,0.013872543224887771,0.15896763557977472
240917_459+2624_0p55pagarose_2xTrpNC_OD0p5_mix10pc_5s_2h55_6-CH1_spots.csv,9,60,26.72448717978639,1.7370916666861154,3.602276948646806,0.2341480016620424,0.13479311780289133,7.418776390811771,5.8660874161754695,0.3812956820514055,1.394889920760573,79.92130534491866,0.452957409826888,0.005888446327749544,-0.023273976753962703,-0.2667001280975301
240917_459+2624_0p55pagarose_2xTrpNC_OD0p5_mix10pc_5s_2h55_6-CH1_spots.csv,10,60,23.866586024018417,1.551328091561197,6.945493881015854,0.45145710226603053,0.29101329674994886,3.436269102367659,8.03720218710793,0.5224181421620154,1.2574460113631334,72.0463494166669,0.40451840718675286,0.005258739293427787,0.010627205005068559,0.1217787989621466
240917_459+2624_0p55pagarose_2xTrpNC_OD0p5_mix10pc_5s_2h55_6-CH1_spots.csv,11,33,18.444165280381373,1.1988707432247894,8.364343224760894,0.5436823096094582,0.4534953519234535,2.2050942655941315,9.6249934613898,0.625624574990337,1.1642013028045313,66.7038211543316,0.576380165011918,0.007492942145154935,-0.017893503272391444,-0.20504444364231142
240917_459+2624_0p55pagarose_2xTrpNC_OD0p5_mix10pc_5s_2h55_6-CH1_spots.csv,12,60,2.606910099095719,0.16944915644122172,0.7381585443176764,0.047980305380648965,0.28315458387833464,3.531639807143925,0.743722712470559,0.048341976310586336,1.7252549836046787,98.84982914446013,0.04418491693382575,0.0005744039201397348,0.04457643528838194,0.5108083215524628
240917_459+2624_0p55pagarose_2xTrpNC_OD0p5_mix10pc_5s_2h55_6-CH1_spots.csv,13,60,39.52525808457648,2.5691417754974712,10.679806821023954,0.694187443366557,0.27020207681303976,3.700933804042992,13.02395200737932,0.8465568804796558,1.3704702666383213,78.5221622265444,0.6699196285521437,0.008708955171177868,-0.032138847562538334,-0.3682840647495519
240917_459+2624_0p55pagarose_2xTrpNC_OD0p5_mix10pc_5s_2h55_6-CH1_spots.csv,14,60,30.157353157019827,1.960227955206289,6.286559366943082,0.40862635885130033,0.20845859164797884,4.797115782537216,11.35634130867743,0.738162185064033,1.175848151591354,67.37113643444361,0.5111415789325394,0.006644840526123012,0.023942382953802317,0.2743594989477677
240917_459+2624_0p55pagarose_2xTrpNC_OD0p5_mix10pc_5s_2h55_6-CH1_spots.csv,15,60,19.803747842040746,1.2872436097326485,5.116678872671054,0.33258412672361853,0.258369219477185,3.8704300846034174,7.185713515762797,0.4670713785245818,1.4551279870334712,83.37269230838508,0.33565674308543636,0.004363537660110673,0.01205732929370802,0.13816681614578466
240917_459+2624_0p55pagarose_2xTrpNC_OD0p5_mix10pc_5s_2h55_6-CH1_spots.csv,16,60,45.61238131809572,2.964804785676222,16.75315984988859,1.0889553902427584,0.36729412860630756,2.722613627923991,16.764060565338923,1.08966393674703,1.2381920615045303,70.94317935081243,0.7730912087812835,0.010050185714156685,-0.009763558497470922,-0.11188213898683505
240917_459+2624_0p55pagarose_2xTrpNC_OD0p5_mix10pc_5s_2h55_6-CH1_spots.csv,17,33,27.344630074403945,1.7774009548362564,5.268336271228594,0.3424418576298586,0.19266438261894944,5.190372950135752,7.560810019376147,0.4914526512594496,1.3221900544341691,75.75590983325047,0.8545196898251233,0.011108755967726602,0.02161221210554305,0.24765770791783265
240917_459+2624_0p55pagarose_2xTrpNC_OD0p5_mix10pc_5s_2h55_6-CH1_spots.csv,18,52,25.137275956834916,1.6339229371942696,5.517172601221278,0.35861621907938307,0.21948172151569742,4.556188064747249,9.528830867946061,0.619374006416494,1.2245783354535034,70.16317030464128,0.4928877638595082,0.006407540930173606,-0.028578817865607856,-0.32748912943448116
240917_459+2624_0p55pagarose_2xTrpNC_OD0p5_mix10pc_5s_2h55_6-CH1_spots.csv,19,60,28.927098707244777,1.8802614159709106,0.686178376043947,0.04460159444285656,0.023720953939708238,42.15682061276747,5.682380200411301,0.36935471302673456,1.2849078804925236,73.61979861532156,0.4902898085973691,0.006373767511765799,0.03913913496992403,0.4485014495139074
240917_459+2624_0p55pagarose_2xTrpNC_OD0p5_mix10pc_5s_2h55_6-CH1_spots.csv,20,60,32.59974562108823,2.1189834653707353,6.27907173201117,0.40813966258072604,0.19261106528234206,5.191809715262899,9.663084984926195,0.6281005240202027,1.3872759022528502,79.48505421929165,0.5525380613743768,0.007182994797866898,0.0029626304928981233,0.033949244699965055
240917_459+2624_0p55pagarose_2xTrpNC_OD0p5_mix10pc_5s_2h55_6-CH1_spots.csv,21,60,37.22633717683207,2.4197119164940846,3.8368514676497893,0.24939534539723632,0.10306819737391909,9.702313860910166,6.872389406417627,0.44670531141714576,1.4393424569159312,82.46824805527339,0.6309548674039335,0.008202413276251135,0.0016267243229250215,0.018640887626976032
240917_459+2624_0p55pagarose_2xTrpNC_OD0p5_mix10pc_5s_2h55_6-CH1_spots.csv,22,60,42.03831311592315,2.732490352535005,5.6601547866660615,0.367910061133294,0.13464276673181075,7.427060690098992,8.382822049695863,0.544883433230231,1.4183381069940075,81.26478745333122,0.712513781625816,0.00926267916113561,0.002802026884976426,0.03210886291826764
240917_459+2624_0p55pagarose_2xTrpNC_OD0p5_mix10pc_5s_2h55_6-CH1_spots.csv,24,55,30.520066124194184,1.983804298072622,4.072212824803003,0.26469383361219523,0.13342739194050554,7.494712933052711,5.86843699066989,0.3814484043935429,1.5737710617293816,90.17043975691612,0.5651864097072997,0.007347423326194896,0.010977234835899075,0.12578984536419996
240917_459+2624_0p55pagarose_2xTrpNC_OD0p5_mix10pc_5s_2h55_6-CH1_spots.csv,25,22,12.731172663668065,0.8275262231384243,2.065139569023868,0.1342340719865514,0.16221126078333042,6.164800120354928,3.0080812439798126,0.1955252808586878,1.6049168596136663,91.95496252525312,0.606246317317527,0.007881202125127851,0.1225673709116485,1.4045186118503985
240917_459+2624_0p55pagarose_2xTrpNC_OD0p5_mix10pc_5s_2h55_6-CH1_spots.csv,26,10,4.664274440321411,0.30317783862089176,1.3539118959103147,0.08800427323417045,0.29027277730617795,3.4450354224750677,1.4112967656901212,0.09173428976985788,1.883485170087753,107.91575102150826,0.518252715591268,0.006737285302686484,-0.12704651152560384,-1.4558457824554538
240917_459+2624_0p55pagarose_2xTrpNC_OD0p5_mix10pc_5s_2h55_6-CH1_spots.csv,27,60,27.765428274115234,1.8047528378174902,4.379576506878154,0.28467247294708,0.15773488035699001,6.339751852835415,7.257188899520997,0.47171727846886485,1.3162786922508705,75.41721372897422,0.47060047922229215,0.006117806229889798,-0.024570930370072755,-0.2815621217829974
240917_459+2624_0p55pagarose_2xTrpNC_OD0p5_mix10pc_5s_2h55_6-CH1_spots.csv,28,60,49.44330852717486,3.213815054266366,9.781091836588292,0.635770969378239,0.1978243796369825,5.054988681552039,10.667758999045018,0.6934043349379262,1.5114602508236181,86.60029327397812,0.8380221784266925,0.010894288319547002,-0.048701926326072814,-0.5580829665282094
240917_459+2624_0p55pagarose_2xTrpNC_OD0p5_mix10pc_5s_2h55_6-CH1_spots.csv,29,60,32.73567041198958,2.127818576779323,2.7353372329801915,0.17779692014371246,0.08355830806441533,11.96769086359548,8.357359880213044,0.5432283922138479,1.3146339206512876,75.32297525805514,0.554841871389654,0.0072129443280655025,0.044987510383890345,0.5155188951595766
240917_459+2624_0p55pagarose_2xTrpNC_OD0p5_mix10pc_5s_2h55_6-CH1_spots.csv,30,60,32.57289617379252,2.1172382512965138,4.72459544255344,0.3070987037659736,0.14504683333484947,6.894324936356514,11.945227848959199,0.776439810182348,0.9342755034107609,53.53004324789695,0.5520829859964834,0.007177078817954284,0.02408066426167256,0.27594408601307047
240917_459+2624_0p55pagarose_2xTrpNC_OD0p5_mix10pc_5s_2h55_6-CH1_spots.csv,31,26,24.574110538321236,1.5973171849908803,3.823466355305073,0.24852531309482975,0.15558920634554413,6.427181058942645,5.902501962585328,0.3836626275680463,1.210431459424633,69.35261401489223,0.9829644215328496,0.012778537479927046,0.04727686272065652,0.5417529405025995
240917_459+2624_0p55pagarose_2xTrpNC_OD0p5_mix10pc_5s_2h55_6-CH1_spots.csv,32,11,7.204494862498291,0.46829216606238894,1.8633684099964452,0.12111894664976894,0.2586397027910834,3.8663824200561794,3.269460311546658,0.21251492025053276,2.2393915606953314,128.307685105057,0.7204494862498291,0.009365843321247779,0.06449326604493588,0.739038390277841
240917_459+2624_0p55pagarose_2xTrpNC_OD0p5_mix10pc_5s_2h55_6-CH1_spots.csv,33,12,5.656525993346862,0.36767418956754605,1.2438288521752625,0.08084887539139207,0.21989271394460824,4.5476722810011045,1.8343964918744469,0.11923577197183904,1.654789535882212,94.81245638846305,0.5142296357588056,0.006684985264864473,0.04184931160308879,0.4795577860769706
240917_459+2624_0p55pagarose_2xTrpNC_OD0p5_mix10pc_5s_2h55_6-CH1_spots.csv,34,60,26.121335616467952,1.697886815070417,9.674867031325675,0.6288663570361689,0.3703817895600348,2.699916756673889,9.821093208421201,0.6383710585473781,1.4046956837157967,80.4831341771587,0.4427345019740331,0.00575554852566243,-0.037808015914923054,-0.4332479487377078
240917_459+2624_0p55pagarose_2xTrpNC_OD0p5_mix10pc_5s_2h55_6-CH1_spots.csv,35,60,30.651776048490394,1.9923654431518756,8.50371958859753,0.5527417732588394,0.27742991385376314,3.6045139693447505,8.58449510668009,0.5579921819342059,1.2689110538600508,72.7032479636784,0.5195216279405152,0.006753781163226698,-0.046497496511349684,-0.5328220616049212
240917_459+2624_0p55pagarose_2xTrpNC_OD0p5_mix10pc_5s_2h55_6-CH1_spots.csv,36,60,27.084861720443005,1.7605160118287955,1.2159781583620595,0.07903858029353387,0.044895121522598294,22.274135052661403,5.278394012268117,0.3430956107974276,1.4024716575697846,80.35570686546548,0.4590654528888644,0.005967850887555238,0.005618494274709651,0.0643832018318559
240917_459+2624_0p55pagarose_2xTrpNC_OD0p5_mix10pc_5s_2h55_6-CH1_spots.csv,37,60,18.718319911226,1.21669079422969,3.5737821072911906,0.2322958369739274,0.190924298988387,5.237677997502168,5.5127900721970695,0.3583313546928095,1.2436368786824028,71.25514439532486,0.31725965951230517,0.004124375573659967,0.022679748483097246,0.2598907736999406
240917_459+2624_0p55pagarose_2xTrpNC_OD0p5_mix10pc_5s_2h55_6-CH1_spots.csv,38,55,44.47534932301805,2.8908977059961734,1.1035433433455768,0.07173031731746249,0.024812471630761133,40.30231308195251,6.6253801898061155,0.4306497123373975,1.5342092965266583,87.90371758071255,0.8236175800558899,0.01070702854072657,-0.011235951053669903,-0.12875451483817116
240917_459+2624_0p55pagarose_2xTrpNC_OD0p5_mix10pc_5s_2h55_6-CH1_spots.csv,39,60,39.40175836227369,2.56111429354779,3.987085380523379,0.25916054973401964,0.10119054443877117,9.882346275991079,6.176109394451749,0.40144711063936367,1.52590591909507,87.42796909817835,0.6678264129198932,0.008681743367958612,-0.0058712934108041,-0.06728006654440896
240917_459+2624_0p55pagarose_2xTrpNC_OD0p5_mix10pc_5s_2h55_6-CH1_spots.csv,40,60,41.41551539929939,2.69200850095446,4.469184360101734,0.2904969834066127,0.1079108714937624,9.266906903423566,12.188771264958628,0.7922701322223109,1.3913222938015397,79.71689537728896,0.7019578881237185,0.00912545254560834,0.019929250056636413,0.22837238342122465
240917_459+2624_0p55pagarose_2xTrpNC_OD0p5_mix10pc_5s_2h55_6-CH1_spots.csv,41,60,40.20382985863428,2.613248940811228,3.1558247641839885,0.20512860967195926,0.07849562529939509,12.739563462114445,7.576910210402922,0.4924991636761899,1.4626754770350776,83.80513163139432,0.681420845061598,0.008858470985800773,0.015828905819924733,0.1813858995583506
240917_459+2624_0p55pagarose_2xTrpNC_OD0p5_mix10pc_5s_2h55_6-CH1_spots.csv,42,60,22.76042675766338,1.4794277392481199,8.282349091403185,0.5383526909412071,0.3638925218576817,2.7480641671199275,9.018164392193945,0.5861806854926065,1.346531628679097,77.15057930418918,0.38576994504514206,0.005015009285586847,0.010736770036395941,0.12303432173760213
240917_459+2624_0p55pagarose_2xTrpNC_OD0p5_mix10pc_5s_2h55_6-CH1_spots.csv,43,60,21.57063221259746,1.402091093818835,3.7106219525624295,0.24119042691655793,0.17202193778981545,5.81321204055873,6.310314141243912,0.4101704191808543,1.1421547236652874,65.44064521695178,0.3656039358067366,0.004752851165487576,0.011533841257807289,0.1321680851292437
240917_459+2624_0p55pagarose_2xTrpNC_OD0p5_mix10pc_5s_2h55_6-CH1_spots.csv,44,60,27.771607450356594,1.8051544842731786,3.47788945687915,0.22606281469714476,0.12523183841972724,7.985189809706365,4.323384890796757,0.2810200179017892,1.3943407810969715,79.88984195983106,0.47070521102299306,0.00611916774329891,-0.0141427461459544,-0.16206393297761962
240917_459+2624_0p55pagarose_2xTrpNC_OD0p5_mix10pc_5s_2h55_6-CH1_spots.csv,45,19,10.53529591060411,0.6847942341892672,4.788344011290199,0.31124236073386297,0.4545049376800683,2.200196119109959,5.495885659373656,0.35723256785928764,1.0725037292592008,61.44993719859371,0.5852942172557839,0.007608824824325192,-0.14240094489923774,-1.631794628280262
240917_459+2624_0p55pagarose_2xTrpNC_OD0p5_mix10pc_5s_2h55_6-CH1_spots.csv,46,60,18.837767280580415,1.224454873237727,4.572105208160671,0.2971868385304436,0.24270950692091778,4.120151751310799,4.572105208160671,0.2971868385304436,1.5332967596276825,87.85143306775129,0.31928419119627816,0.004150694485551616,-0.036820003927734546,-0.42192616534286076
240917_459+2624_0p55pagarose_2xTrpNC_OD0p5_mix10pc_5s_2h55_6-CH1_spots.csv,47,60,36.255313614522606,2.3565953849439696,6.289777390228341,0.4088355303648422,0.17348567046207752,5.764164828925115,8.505104157801247,0.5528317702570811,1.6330367446259455,93.5661132568499,0.6144968409241118,0.007988458932013453,-0.00046985494784555407,-0.005384141098977932
240917_459+2624_0p55pagarose_2xTrpNC_OD0p5_mix10pc_5s_2h55_6-CH1_spots.csv,48,60,9.90006822838922,0.6435044348452993,2.0640134040380382,0.1341608712624725,0.20848476560184892,4.796513534757437,2.7477765500290197,0.1786054757518863,1.267469636914239,72.62066085616475,0.1677977665828681,0.0021813709655772854,-0.0031230247135188753,-0.03578722707993691
240917_459+2624_0p55pagarose_2xTrpNC_OD0p5_mix10pc_5s_2h55_6-CH1_spots.csv,49,14,11.041900756596185,0.717723549178752,6.005050904467021,0.3903283087903564,0.5438421370414634,1.8387688851034327,6.005050904467021,0.3903283087903564,1.2004569330339796,68.78111575006592,0.8493769812766296,0.011041900756596185,0.0379799915013592,0.4352186437941235
240917_459+2624_0p55pagarose_2xTrpNC_OD0p5_mix10pc_5s_2h55_6-CH1_spots.csv,50,60,23.316547856093788,1.5155756106460962,0.37160621231596874,0.02415440380053797,0.015937445569106805,62.74531233150707,5.009237201666068,0.3256004181082944,1.5962164905200134,91.45646809598074,0.395195726374471,0.005137544442868123,0.010226295739446287,0.11718471718457753
240917_459+2624_0p55pagarose_2xTrpNC_OD0p5_mix10pc_5s_2h55_6-CH1_spots.csv,51,60,43.35818562737811,2.8182820657795773,10.32511596631251,0.6711325378103131,0.23813533285379943,4.1992928475420275,12.118554730257253,0.7877060574667215,1.1881646793358123,68.07682149245686,0.734884502158951,0.009553498528066364,-0.013723461978948737,-0.15725929034040304
240917_459+2624_0p55pagarose_2xTrpNC_OD0p5_mix10pc_5s_2h55_6-CH1_spots.csv,52,49,29.573388423080857,1.9222702475002558,4.280591923626212,0.2782384750357038,0.14474472327578736,6.908714717666522,7.026166612768683,0.4567008298299644,1.5430488380649428,88.41018600368683,0.6161122588141845,0.0080094593645844,0.036392646338478794,0.41702900810141275
240917_459+2624_0p55pagarose_2xTrpNC_OD0p5_mix10pc_5s_2h55_6-CH1_spots.csv,53,60,29.174284361810507,1.896328483517683,3.909475034802295,0.2541158772621492,0.1340041450997799,7.462455726689625,5.647769071152576,0.36710498962491744,1.3779476685205514,78.95058579611936,0.49447939596289003,0.006428232147517571,-0.03871281363701186,-0.4436161668954556
240917_459+2624_0p55pagarose_2xTrpNC_OD0p5_mix10pc_5s_2h55_6-CH1_spots.csv,54,60,23.288087708735684,1.5137257010678196,3.0768890585794693,0.1999977888076655,0.13212287316426094,7.568712184730923,4.23517796496973,0.27528656772303245,1.5795257035114256,90.50015644363688,0.3947133509955202,0.005131273562941763,0.04835362148001482,0.5540916869955941
240917_459+2624_0p55pagarose_2xTrpNC_OD0p5_mix10pc_5s_2h55_6-CH1_spots.csv,55,11,3.7571606439307437,0.24421544185549834,1.0788130439948334,0.07012284785966418,0.2871351922994111,3.4826800295424847,1.576025342990321,0.10244164729437087,1.6081597246565922,92.14076500574329,0.37571606439307437,0.004884308837109967,0.21713133664838646,2.48814183799736
240917_459+2624_0p55pagarose_2xTrpNC_OD0p5_mix10pc_5s_2h55_6-CH1_spots.csv,56,60,43.60748518171994,2.834486536811796,1.1565745171288946,0.07517734361337815,0.026522385143496544,37.70399964368236,7.339748520835756,0.47708365385432416,1.2966724968083998,74.29386147781202,0.7391099183342361,0.00960842893834507,-0.0354054849960732,-0.40571697237775084
240917_459+2624_0p55pagarose_2xTrpNC_OD0p5_mix10pc_5s_2h55_6-CH1_spots.csv,57,60,33.88890961956582,2.2027791252717783,0.6914365097300706,0.04494337313245459,0.020403032068369308,49.01232310222625,9.046095847221721,0.5879962300694119,1.5449376346873527,88.51840607850949,0.5743882986367089,0.007467047882277217,0.00029501897709239113,0.0033806684527321455
240917_459+2624_0p55pagarose_2xTrpNC_OD0p5_mix10pc_5s_2h55_6-CH1_spots.csv,58,60,33.47348828030577,2.1757767382198754,5.649696090557687,0.3672302458862497,0.16878121704100085,5.924829892398968,9.511678066492074,0.6182590743219848,1.5814382774767464,90.60973885985636,0.5673472589882335,0.007375514366847036,0.005802757272044793,0.0664947002454027
240917_459+2624_0p55pagarose_2xTrpNC_OD0p5_mix10pc_5s_2h55_6-CH1_spots.csv,59,60,17.585062274763725,1.143029047859642,2.9219565449162235,0.18992717541955453,0.16616128503050656,6.01824907538723,4.44371486067909,0.28884146594414084,1.3079908605459962,74.94235595097021,0.29805190296209705,0.0038746747385072617,0.038737061464908,0.4438940265356172
240917_459+2624_0p55pagarose_2xTrpNC_OD0p5_mix10pc_5s_2h55_6-CH1_spots.csv,60,60,38.84450717028207,2.5248929660683346,4.08028392033527,0.26521845482179257,0.1050414644842472,9.52005005747009,5.119517817794245,0.33276865815662593,1.667332385294958,95.53110872288154,0.6583814774624079,0.008558959207011304,-0.029835861947958276,-0.341893793550596
240917_459+2624_0p55pagarose_2xTrpNC_OD0p5_mix10pc_5s_2h55_6-CH1_spots.csv,61,60,32.104491566729656,2.086791951837428,3.436180962941847,0.22335176259122005,0.10703115966810109,9.343073578768612,8.385092627670812,0.5450310207986028,1.2349209074679222,70.75575603037761,0.5441439248598247,0.007073871023177721,0.03998722132257081,0.4582198032477682
240917_459+2624_0p55pagarose_2xTrpNC_OD0p5_mix10pc_5s_2h55_6-CH1_spots.csv,62,60,37.27677134020524,2.4229901371133407,7.002765888069913,0.45517978272454435,0.187858702250777,5.323149729125013,9.230881442596381,0.6000072937687648,1.3575461817852348,77.78166671039358,0.6318096837322922,0.008213525888519799,0.0021058960713883842,0.024131791396747027
240917_459+2624_0p55pagarose_2xTrpNC_OD0p5_mix10pc_5s_2h55_6-CH1_spots.csv,63,60,24.860057069957804,1.6159037095472573,1.540534483331831,0.10013474141656903,0.06196826012895577,16.137293477644892,5.36941338290537,0.3490118698888491,1.1747507403615975,67.3082594025883,0.42135689949081023,0.005477639693380533,0.009320222183797152,0.10680187905115605
240917_459+2624_0p55pagarose_2xTrpNC_OD0p5_mix10pc_5s_2h55_6-CH1_spots.csv,64,42,27.034384084419404,1.7572349654872614,4.083124657806794,0.2654031027574416,0.15103449906817004,6.621003851236967,7.589678081102757,0.4933290752716792,1.6334469005006447,93.58961345741265,0.6593752215712051,0.008571877880425667,-0.013784958673764813,-0.1579639905537961
240917_459+2624_0p55pagarose_2xTrpNC_OD0p5_mix10pc_5s_2h55_6-CH1_spots.csv,65,9,4.5060206053809395,0.2928913393497611,1.8234147076610816,0.1185219559979703,0.40466186627811257,2.471199001767882,2.5871822082573765,0.16816684353672948,1.3042494750647065,74.72799035336078,0.5632525756726174,0.007322283483744027,-0.2747240209879929,-3.1481053866950885
240917_459+2624_0p55pagarose_2xTrpNC_OD0p5_mix10pc_5s_2h55_6-CH1_spots.csv,66,36,38.090086923792626,2.4758556500465208,5.743345620178867,0.37331746531162635,0.15078321117170615,6.632038091172088,10.06891252135754,0.6544793138882401,1.5597882277907182,89.36928238659841,1.0882881978226464,0.014147746571694403,-0.04040400967029741,-0.4629958459027613
240917_459+2624_0p55pagarose_2xTrpNC_OD0p5_mix10pc_5s_2h55_6-CH1_spots.csv,67,60,46.556203667559245,3.026153238391351,8.216891846643842,0.5340979700318498,0.17649402656019053,5.665914135960661,14.103393542504389,0.9167205802627852,1.5369441365826777,88.06041237356578,0.7890881977552415,0.01025814657081814,0.03796918241319868,0.43509478076772695
240917_459+2624_0p55pagarose_2xTrpNC_OD0p5_mix10pc_5s_2h55_6-CH1_spots.csv,68,60,31.743033937269352,2.063297205922508,2.3301567256671847,0.151460187168367,0.07340686874077774,13.622703394845894,7.142175090044939,0.46424138085292105,1.3079008766409521,74.93720025298707,0.5380175243604975,0.006994227816686469,0.008125929008949432,0.09311628736714525
240917_459+2624_0p55pagarose_2xTrpNC_OD0p5_mix10pc_5s_2h55_6-CH1_spots.csv,69,60,46.400938675007126,3.016061013875463,13.432370156361811,0.8731040601635177,0.28948487983060717,3.454411852477935,17.468471582589732,1.1354506528683326,1.306430958153917,74.85298012745172,0.7864565877119853,0.01022393564025581,-0.013442961454401253,-0.15404499109884773
240917_459+2624_0p55pagarose_2xTrpNC_OD0p5_mix10pc_5s_2h55_6-CH1_spots.csv,70,27,12.257503586948696,0.7967377331516653,3.5882730879159963,0.23323775071453975,0.2927409372114439,3.415989610218778,4.179908791342629,0.27169407143727087,1.5167206607206183,86.90169255958509,0.47144244565187304,0.00612875179347435,-0.04997971903194907,-0.5727253923560716
240917_459+2624_0p55pagarose_2xTrpNC_OD0p5_mix10pc_5s_2h55_6-CH1_spots.csv,71,14,10.862684409137884,0.7060744865939625,6.387272598112362,0.4151727188773035,0.588001304055126,1.700676500381109,7.106280225699259,0.46190821467045184,1.2387033732472112,70.97247535568353,0.8355911083952219,0.010862684409137884,0.25919710824026904,2.9701800728325978
240917_459+2624_0p55pagarose_2xTrpNC_OD0p5_mix10pc_5s_2h55_6-CH1_spots.csv,72,60,26.93369598772315,1.750690239202005,6.323847988662276,0.41105011926304796,0.23479317474827058,4.259067586066472,8.69880713109958,0.5654224635214727,1.3515706319190444,77.43929292279091,0.4565033218258161,0.00593454318373561,-0.032774517427790466,-0.3755683048380713
240917_459+2624_0p55pagarose_2xTrpNC_OD0p5_mix10pc_5s_2h55_6-CH1_spots.csv,73,25,10.55139287679196,0.6858405369914774,1.0174975964179354,0.0661373437671658,0.09643253817758465,10.36994378555563,3.771444802270302,0.24514391214756964,1.4748093236477553,84.50034983155986,0.43964136986633157,0.00571533780826231,-0.016024411249180102,-0.18362622675199586
240917_459+2624_0p55pagarose_2xTrpNC_OD0p5_mix10pc_5s_2h55_6-CH1_spots.csv,74,60,9.051241251711291,0.5883306813612339,2.0324938271649353,0.1321120987657208,0.22455415457859526,4.453268753261896,2.439556888434186,0.1585711977482221,1.4144060417487476,81.03949671000775,0.15341086867307277,0.001994341292749946,-0.0049670261107285524,-0.05691792657520519
240917_459+2624_0p55pagarose_2xTrpNC_OD0p5_mix10pc_5s_2h55_6-CH1_spots.csv,75,60,51.71701877301651,3.3616062202460735,7.602611929025788,0.4941697753866763,0.14700406383425316,6.802533031518764,9.28114304110145,0.6032742976715942,1.7235043014580427,98.74952244618898,0.8765596402206189,0.011395275322868046,-0.041344153770923146,-0.47376910372275677
240917_459+2624_0p55pagarose_2xTrpNC_OD0p5_mix10pc_5s_2h55_6-CH1_spots.csv,76,60,44.49749988521679,2.8923374925390917,2.2050098245713756,0.14332563859713943,0.04955356661069258,20.180182142211773,9.211429705575814,0.5987429308624279,1.4196910613660387,81.34230602872238,0.7541949133087592,0.00980453387301387,-0.047694616775842795,-0.5465400493499292
240917_459+2624_0p55pagarose_2xTrpNC_OD0p5_mix10pc_5s_2h55_6-CH1_spots.csv,77,60,41.812024647150146,2.7177816020647594,4.330832938601987,0.2815041410091292,0.1035786469358922,9.654499547758418,7.6122290629676215,0.49479488909289543,1.3387975073671399,76.70744679477185,0.7086783838500025,0.009212818990050033,-0.041171661303581075,-0.47179248564745696
240917_459+2624_0p55pagarose_2xTrpNC_OD0p5_mix10pc_5s_2h55_6-CH1_spots.csv,78,34,12.330721624132032,0.8014969055685821,4.913295412338539,0.31936420180200503,0.39845968160718975,2.5096642048362168,5.346442003620441,0.3475187302353287,1.4254050024035516,81.66969073455847,0.373658231034304,0.004857557003445952,-0.03781997534574982,-0.4333849937200583
240917_459+2624_0p55pagarose_2xTrpNC_OD0p5_mix10pc_5s_2h55_6-CH1_spots.csv,79,60,40.53580855377669,2.634827555995485,9.810957290595924,0.637712223888735,0.24203186369356003,4.131687393301711,12.391363741015837,0.8054386431660294,1.0411781155696498,59.6551117435252,0.6870476026063845,0.008931618833883,0.03299324085898448,0.37807469073567873
240917_459+2624_0p55pagarose_2xTrpNC_OD0p5_mix10pc_5s_2h55_6-CH1_spots.csv,80,60,25.276673263273988,1.6429837621128094,3.828830308999281,0.24887397008495327,0.1514768288183881,6.6016697590028235,5.5434248520787675,0.3603226153851199,1.2735884900969165,72.97124531899236,0.42841819090294897,0.005569436481738336,0.027965513229184065,0.3204611759899034
240917_459+2624_0p55pagarose_2xTrpNC_OD0p5_mix10pc_5s_2h55_6-CH1_spots.csv,81,60,13.054695010158882,0.8485551756603273,9.412302950921744,0.6117996918099133,0.720989877097649,1.386982025358676,9.539501114790315,0.6200675724613706,1.40066139408821,80.25198640816458,0.22126601712133695,0.0028764582225773803,0.03813109479286101,0.4369501599688411
240917_459+2624_0p55pagarose_2xTrpNC_OD0p5_mix10pc_5s_2h55_6-CH1_spots.csv,82,60,23.59842351781373,1.5338975286578924,1.9678773191367138,0.1279120257438864,0.08339020264007142,11.991816404574497,4.541042352502557,0.2951677529126662,1.2454818076030771,71.36085103598113,0.3999732799629446,0.005199652639518279,-0.002200237673794438,-0.025212866526820654
240917_459+2624_0p55pagarose_2xTrpNC_OD0p5_mix10pc_5s_2h55_6-CH1_spots.csv,83,60,28.842372818974926,1.8747542332333702,6.5106567354442335,0.4231926878038752,0.22573235483458484,4.43002510974908,6.5773038787974425,0.4275247521218338,1.188455461467913,68.09348208138405,0.48885377659279544,0.006355099095706342,0.010714384249118889,0.12277779951119158
240917_459+2624_0p55pagarose_2xTrpNC_OD0p5_mix10pc_5s_2h55_6-CH1_spots.csv,84,60,38.27080558759237,2.487602363193504,3.7104741730310398,0.2411808212470176,0.09695312434797553,10.314262760742903,6.145136547246637,0.39943387557103144,1.1924694682387558,68.32346772829027,0.6486577218235995,0.008432550383706794,0.024924168807506468,0.28560993610834695
240917_459+2624_0p55pagarose_2xTrpNC_OD0p5_mix10pc_5s_2h55_6-CH1_spots.csv,85,50,18.34413074090966,1.1923684981591278,2.0964812702607563,0.13627128256694915,0.11428621502273456,8.74996166248986,3.9951639246616604,0.25968565510300795,1.3886154373574449,79.56180392729453,0.3743700151206053,0.004866810196567869,-0.010926141829005974,-0.12520436263267845
240917_459+2624_0p55pagarose_2xTrpNC_OD0p5_mix10pc_5s_2h55_6-CH1_spots.csv,86,25,10.990559066917426,0.7143863393496327,4.468480610712849,0.2904512396963352,0.4065744593615241,2.4595740754851616,4.810937368866678,0.31271092897633407,1.5278015873517108,87.53658288864081,0.4579399611215594,0.005953219494580273,-0.04772794309855626,-0.5469219408775637
240917_459+2624_0p55pagarose_2xTrpNC_OD0p5_mix10pc_5s_2h55_6-CH1_spots.csv,87,60,20.617708323524607,1.3401510410290995,0.6876402930786054,0.044696619050109354,0.03335192652298871,29.983275458187492,3.1990446209376096,0.20793790036094462,1.3224264365344747,75.76945352995041,0.3494526834495696,0.004542884884844405,-0.03478365712671596,-0.39859134987819445
240917_459+2624_0p55pagarose_2xTrpNC_OD0p5_mix10pc_5s_2h55_6-CH1_spots.csv,88,30,19.59404580841106,1.2736129775467189,2.2046709174250294,0.14330360963262692,0.11251739120047576,8.8875149817353,3.5784852685916175,0.23260154245845516,1.7201980598123987,98.56008875384319,0.6756567520141745,0.008783537776184269,0.044031076044974395,0.5045589649593227
240917_459+2624_0p55pagarose_2xTrpNC_OD0p5_mix10pc_5s_2h55_6-CH1_spots.csv,89,7,3.952100836916728,0.25688655439958735,2.190143915612156,0.14235935451479012,0.5541720735346467,1.804493672194184,2.624368155302769,0.17058393009467998,1.9087761878587615,109.3648195993774,0.6586834728194547,0.008562885146652911,-0.4560368213184609,-5.225797032821891
240917_459+2624_0p55pagarose_2xTrpNC_OD0p5_mix10pc_5s_2h55_6-CH1_spots.csv,90,25,22.50619977160992,1.462902985154645,5.705055726109482,0.3708286221971163,0.2534881847670272,3.944957043733883,6.201274049778081,0.40308281323557527,1.4903258503063923,85.38938132180199,0.93775832381708,0.01219085820962204,0.09204851249108677,1.0547982552393023
240917_459+2624_0p55pagarose_2xTrpNC_OD0p5_mix10pc_5s_2h55_6-CH1_spots.csv,91,53,35.183652549409835,2.2869374157116393,5.54198321053373,0.3602289086846925,0.15751585776237692,6.348567148766482,11.114043690657724,0.7224128398927521,1.440059142415231,82.50931110962149,0.6766087028732659,0.008795913137352456,0.000765687613686623,0.008774133737937381
240917_459+2624_0p55pagarose_2xTrpNC_OD0p5_mix10pc_5s_2h55_6-CH1_spots.csv,92,10,4.305229959963726,0.2798399473976422,1.8942996924658526,0.12312948001028043,0.4399996539283149,2.2727290602890355,2.623048136931695,0.17049812890056018,1.446040109403088,82.85199527543277,0.4783588844404141,0.0062186654977253834,0.00912317741013889,0.10454391227001025
240917_459+2624_0p55pagarose_2xTrpNC_OD0p5_mix10pc_5s_2h55_6-CH1_spots.csv,93,13,8.265920946254491,0.537284861506542,3.006440280387397,0.1954186182251808,0.36371510203587115,2.7494046697609376,3.9957204697113373,0.25972183053123693,1.8082120948169438,103.60292149752031,0.6888267455212076,0.0089547476917757,-0.03338510434771771,-0.38256511554561595
240917_459+2624_0p55pagarose_2xTrpNC_OD0p5_mix10pc_5s_2h55_6-CH1_spots.csv,94,6,3.647941641326866,0.2371162066862463,1.7345572762369474,0.11274622295540158,0.47548931610814826,2.103096675620265,1.7345572762369474,0.11274622295540158,1.4721075016986729,84.34554683688162,0.7295883282653732,0.009484648267449852,-0.8515176904192124,-9.757673968349657
240917_459+2624_0p55pagarose_2xTrpNC_OD0p5_mix10pc_5s_2h55_6-CH1_spots.csv,100,47,29.017616370168927,1.8861450640609803,7.870670878749336,0.5115936071187068,0.2712376777728941,3.686803427204147,9.748804484720425,0.6336722915068277,1.3275994461470364,76.0658451481308,0.6308177471775853,0.00820063071330861,0.052381812638583665,0.6002513574871757
240917_459+2624_0p55pagarose_2xTrpNC_OD0p5_mix10pc_5s_2h55_6-CH1_spots.csv,101,10,4.440888830213261,0.288657773963862,1.0070245743218622,0.06545659733092105,0.22676194176954947,4.409911082064495,1.5872583716606252,0.10317179415794064,1.4734671920951834,84.42345135804615,0.4934320922459179,0.0064146171991969324,-0.32184578859578084,-3.6880810681195926
240917_459+2624_0p55pagarose_2xTrpNC_OD0p5_mix10pc_5s_2h55_6-CH1_spots.csv,104,7,2.315418221826653,0.15050218441873245,0.7959960981100274,0.05173974637715178,0.3437807004395341,2.9088311203085846,1.1027689247358317,0.07167998010782906,1.2574658561890906,72.04748644143942,0.3859030369711088,0.0050167394806244145,-0.26173946222518635,-2.9993133035054034
240917_459+2624_0p55pagarose_2xTrpNC_OD0p5_mix10pc_5s_2h55_6-CH1_spots.csv,105,31,22.728967129640903,1.4773828634266588,1.018994641971683,0.0662346517281594,0.044832421823638856,22.305286204117767,6.291254850658634,0.4089315652928112,1.1775824670970911,67.47050539326645,0.7576322376546968,0.00984921908951106,0.08425898304241042,0.965536822878898
240917_459+2624_0p55pagarose_2xTrpNC_OD0p5_mix10pc_5s_2h55_6-CH1_spots.csv,109,9,4.055315263025017,0.26359549209662614,0.15073087918561012,0.009797507147064658,0.0371687204099575,26.90434292518986,1.3834447958821547,0.08992391173234006,2.235147527677484,128.0645199250202,0.5069144078781271,0.006589887302415653,-0.020933497477261104,-0.23988021117896347
240917_459+2624_0p55pagarose_2xTrpNC_OD0p5_mix10pc_5s_2h55_6-CH1_spots.csv,110,15,5.456130904589797,0.3546485087983368,1.6493323543771718,0.10720660303451618,0.30228973300287265,3.3080845653150153,2.088730837258695,0.13576750442181518,1.4736878406272258,84.43609358768794,0.38972363604212834,0.005066407268547669,-0.01913532526805946,-0.21927467549396956
240917_459+2624_0p55pagarose_2xTrpNC_OD0p5_mix10pc_5s_2h55_6-CH1_spots.csv,111,37,14.287538095245056,0.9286899761909286,3.2817986202840403,0.21331691031846264,0.22969657882320782,4.353569413716332,4.267111442970232,0.27736224379306507,1.2152210615219188,69.62703800061371,0.3968760582012515,0.00515938875661627,-0.006881573320440877,-0.07885702153421806
240917_459+2624_0p55pagarose_2xTrpNC_OD0p5_mix10pc_5s_2h55_6-CH1_spots.csv,112,6,3.405654810988847,0.22136756271427505,2.026837364545807,0.13174442869547745,0.5951388138357174,1.6802802585751713,2.3450753108449005,0.15242989520491854,1.7329814372514134,99.2925223290215,0.6811309621977694,0.008854702508571002,0.7834945396966567,8.978186079232714
240917_459+2624_0p55pagarose_2xTrpNC_OD0p5_mix10pc_5s_2h55_6-CH1_spots.csv,114,23,10.619212791673933,0.6902488314588057,0.6784970622518466,0.04410230904637003,0.06389334836418636,15.651081459999396,2.7496844712355517,0.17872949063031088,1.321271926392825,75.70330497142884,0.4826914905306333,0.006274989376898234,0.08902235616155786,1.020121058073541
240917_459+2624_0p55pagarose_2xTrpNC_OD0p5_mix10pc_5s_2h55_6-CH1_spots.csv,115,32,20.465304474884825,1.3302447908675137,2.4890981448769662,0.1617913794170028,0.12162526816698994,8.221975705138941,5.254613576458038,0.34154988246977247,1.5794197247735051,90.49408430923592,0.6601711120930588,0.008582224457209764,0.043469245816061465,0.4981208647754068
240917_459+2624_0p55pagarose_2xTrpNC_OD0p5_mix10pc_5s_2h55_6-CH1_spots.csv,116,32,11.455477021549203,0.7446060064006983,1.0832827821665358,0.07041338084082484,0.09456461569681854,10.574779928319883,2.457628436851201,0.15974584839532807,1.4072179637180722,80.62765017603934,0.3695315168241679,0.004803909718714183,-0.052135666041451346,-0.597430725255738
240917_459+2624_0p55pagarose_2xTrpNC_OD0p5_mix10pc_5s_2h55_6-CH1_spots.csv,120,7,5.7293128195975696,0.372405333273842,2.131185871178985,0.13852708162663402,0.37197931729073935,2.688321510140305,2.7763623424954544,0.18046355226220454,1.5035798011379131,86.14877676632203,0.9548854699329282,0.012413511109128066,-0.4931680421255106,-5.6512894809043495
240917_459+2624_0p55pagarose_2xTrpNC_OD0p5_mix10pc_5s_2h55_6-CH1_spots.csv,121,17,8.674999982071304,0.5638749988346348,3.6363219763456085,0.23636092846246456,0.419172562981075,2.385652326307312,3.6363219763456085,0.23636092846246456,1.023725987415961,58.65517845679739,0.5421874988794565,0.007048437485432935,0.09655168180302053,1.1064007744406292
240917_459+2624_0p55pagarose_2xTrpNC_OD0p5_mix10pc_5s_2h55_6-CH1_spots.csv,122,26,12.49418460008156,0.8121219990053015,1.8524706347722797,0.12041059126019818,0.1482666291612329,6.744606022657652,3.251816349693458,0.21136806273007477,1.5484838805020031,88.72159099680489,0.4997673840032624,0.006496975992042411,0.07126866230667912,0.8166787123431616
240917_459+2624_0p55pagarose_2xTrpNC_OD0p5_mix10pc_5s_2h55_6-CH1_spots.csv,123,8,5.367649150607113,0.34889719478946235,1.527731491208202,0.09930254692853313,0.2846183586785673,3.5134767997497534,2.4122008881798203,0.15679305773168833,1.6761336200788215,96.03538233050065,0.7668070215153018,0.009968491279698923,0.5010381895183719,5.741474726855718
240917_459+2624_0p55pagarose_2xTrpNC_OD0p5_mix10pc_5s_2h55_6-CH1_spots.csv,124,6,4.054851486465354,0.26356534662024805,2.3811168465381862,0.1547725950249821,0.5872266480008185,1.702919994186991,2.7946899828991847,0.18165484888844702,1.7759858053956168,101.7564911243112,0.8109702972930709,0.010542613864809921,0.08049309743292692,0.9223829525684067
240917_459+2624_0p55pagarose_2xTrpNC_OD0p5_mix10pc_5s_2h55_6-CH1_spots.csv,125,23,14.38058562575505,0.9347380656740782,2.807899530125956,0.18251346945818714,0.19525627142034613,5.121474422950585,5.5031283584758945,0.3577033433009332,1.1500106375397752,65.89075592617819,0.6536629829888659,0.008497618778855258,-0.029383242439658876,-0.3367071560404276
240917_459+2624_0p55pagarose_2xTrpNC_OD0p5_mix10pc_5s_2h55_6-CH1_spots.csv,126,29,13.706896960784096,0.8909483024509662,2.056356074194752,0.1336631448226589,0.1500234575395188,6.66562427236809,4.637628085204066,0.3014458255382643,1.104227269900683,63.26756218856238,0.48953203431371767,0.0063639164460783295,-0.009848547086008613,-0.11285603647283178
240917_459+2624_0p55pagarose_2xTrpNC_OD0p5_mix10pc_5s_2h55_6-CH1_spots.csv,127,26,17.923483829171886,1.1650264488961726,7.239217878761156,0.4705491621194752,0.4038956905787901,2.4758867780118705,9.302189710401379,0.6046423311760897,1.1275605354474842,64.6044598266521,0.7169393531668753,0.00932021159116938,-0.021140325153704082,-0.24225028176829944
240917_459+2624_0p55pagarose_2xTrpNC_OD0p5_mix10pc_5s_2h55_6-CH1_spots.csv,128,19,24.93193062200784,1.6205754904305096,3.48523986235383,0.22654059105299895,0.1397902118048311,7.153576685298652,7.636210149769349,0.4963536597350077,1.4011040212080872,80.27734707403158,1.3851072567782134,0.018006394338116776,-0.09408084703765704,-1.0780870936547244
240917_459+2624_0p55pagarose_2xTrpNC_OD0p5_mix10pc_5s_2h55_6-CH1_spots.csv,131,13,6.387080834615545,0.4151602542500104,1.1926077784991627,0.07751950560244558,0.18672188584739413,5.355558591654808,1.6145279799532197,0.10494431869695929,1.549062012441913,88.75471551696343,0.5322567362179621,0.006919337570833507,0.1266303757901867,1.4510772181866591
240917_459+2624_0p55pagarose_2xTrpNC_OD0p5_mix10pc_5s_2h55_6-CH1_spots.csv,132,10,7.509809866332661,0.488137641311623,4.238848448603463,0.2755251491592251,0.5644415137068525,1.7716627422258642,4.809562602934874,0.31262156919076683,0.8773156484760902,50.266483958462906,0.8344233184814068,0.010847503140258289,-0.387369489963469,-4.438927377408415
240917_459+2624_0p55pagarose_2xTrpNC_OD0p5_mix10pc_5s_2h55_6-CH1_spots.csv,135,13,5.348049492705834,0.3476232170258792,4.083624762673448,0.26543560957377416,0.7635727321228187,1.3096329372840314,4.083624762673448,0.26543560957377416,1.0931624871811834,62.63359683750576,0.4456707910588196,0.0057937202837646555,0.025925257621564418,0.29708156890100235
240917_459+2624_0p55pagarose_2xTrpNC_OD0p5_mix10pc_5s_2h55_6-CH1_spots.csv,137,19,15.625902668474364,1.0156836734508337,2.860666342000708,0.185943312230046,0.18307206967135226,5.462329681393685,6.6737044320359225,0.43379078808233495,1.0908329574612774,62.50012461630486,0.8681057038041313,0.011285374149453707,-0.189406487211574,-2.170438465924358
240917_459+2624_0p55pagarose_2xTrpNC_OD0p5_mix10pc_5s_2h55_6-CH1_spots.csv,144,10,6.193514533171405,0.40257844465614134,0.952873731414603,0.0619367925419492,0.15385024549650672,6.4998271323701315,2.577257197203734,0.16752171781824274,1.7824681259035138,102.12790073086478,0.6881682814634895,0.008946187659025365,0.008441327451538218,0.09673048729221258
240917_459+2624_0p55pagarose_2xTrpNC_OD0p5_mix10pc_5s_2h55_6-CH1_spots.csv,145,9,4.913224657434633,0.3193596027332512,0.5686762453767077,0.036963955949486,0.1157439940215625,8.63975715071406,2.416322079441858,0.15706093516372077,1.4568989168324469,83.47415911168034,0.6141530821793292,0.00798399006833128,-0.25054727660251846,-2.8710603035642293
240917_459+2624_0p55pagarose_2xTrpNC_OD0p5_mix10pc_5s_2h55_6-CH1_spots.csv,146,10,6.640544945257425,0.4316354214417326,6.473721632873908,0.42079190613680406,0.9748780689297707,1.0257693057941168,6.487277550471081,0.4216730407806203,1.1071013715753013,63.43223608440949,0.7378383272508251,0.009591898254260727,-0.05634825137116121,-0.6457033973019582
240917_459+2624_0p55pagarose_2xTrpNC_OD0p5_mix10pc_5s_2h55_6-CH1_spots.csv,147,6,3.0549208310445604,0.19856985401789642,0.24325207367648846,0.01581138478897175,0.07962631018274668,12.558663056280594,1.1846007835768804,0.07699905093249723,2.2842146222064303,130.87585735449827,0.610984166208912,0.007942794160715857,-0.5990155766452172,-6.8642128808732465
240917_459+2624_0p55pagarose_2xTrpNC_OD0p5_mix10pc_5s_2h55_6-CH1_spots.csv,148,9,5.66110888392477,0.36797207745511007,1.6478689467566285,0.10711148153918086,0.29108589510367855,3.435412078774279,2.2137105653255698,0.14389118674616203,1.0917983351163154,62.555436681574776,0.7076386104905963,0.009199301936377751,0.4468550133642469,5.120581264006669
240917_459+2624_0p55pagarose_2xTrpNC_OD0p5_mix10pc_5s_2h55_6-CH1_spots.csv,149,8,7.367125441521924,0.47886315369892507,1.9527671651887268,0.12692986573726725,0.2650650081485945,3.772659420361527,4.145043398577745,0.26942782090755346,1.1264072728799737,64.53838274886333,1.052446491645989,0.013681804391397859,-0.005175662455258623,-0.05930872297412727
240917_459+2624_0p55pagarose_2xTrpNC_OD0p5_mix10pc_5s_2h55_6-CH1_spots.csv,150,10,7.395192441704152,0.48068750871076993,0.6114797885418704,0.039746186255221576,0.08268612255355462,12.093927845658916,3.7007935285472486,0.24055157935557117,0.9972240074319813,57.136726854975166,0.8216880490782393,0.010681944638017112,-0.14852330238088643,-1.7019516771540246
240917_459+2624_0p55pagarose_2xTrpNC_OD0p5_mix10pc_5s_2h55_6-CH1_spots.csv,151,9,3.089858009051669,0.2008407705883585,0.2904230606693807,0.018877498943509746,0.09399236463895522,10.639162062165516,0.9825784960582074,0.06386760224378348,1.6706242421302129,95.71971822630293,0.38623225113145865,0.005021019264708963,0.043984795965988255,0.5040286343190352
240917_459+2624_0p55pagarose_2xTrpNC_OD0p5_mix10pc_5s_2h55_6-CH1_spots.csv,152,9,4.364962382778593,0.28372255488060855,0.19861932540193164,0.012910256151125557,0.04550310128342894,21.97652405648611,1.4704572432854544,0.09557972081355454,1.412320397393471,80.91999809088512,0.5456202978473241,0.007093063872015214,0.14329413266710084,1.6420298061625154
240917_459+2624_0p55pagarose_2xTrpNC_OD0p5_mix10pc_5s_2h55_6-CH1_spots.csv,153,8,3.0691206859475884,0.19949284458659325,1.8693005358627084,0.12150453483107605,0.6090671326225685,1.6418551362213922,1.8693005358627084,0.12150453483107605,1.1803844727652597,67.63104849222425,0.4384458122782268,0.005699795559616949,-0.06633431827651211,-0.760135294824333
