WT,pilH,pilG
0.4828987507987656,0.6350833110398105,0.1469821748129459
0.14046133805614916,0.6378772999956959,0.1492068547464008
0.40656481098300506,0.7696845177039866,0.11821260157682936
0.13015338889079392,0.3686416986846272,0.07764800054649337
0.1846414650137335,0.5720152384159843,0.45630497796137276
0.16122281884917322,0.545431811843177,0.10652110023324064
0.11095049554215326,0.29578921739644604,0.07854727464669947
0.4490993811971718,0.7525238297731937,0.013309357789148447
0.2938830118791282,0.26062809837961703,0.1478301865141666
0.23585696588407587,0.10770320035708311,0.23876673683796407
0.3457226849851656,0.7539602403293028,0.05534004150351116
0.25404025839554156,0.5733680024144516,0.015258912402150056
0.27538130740839195,0.6675472003028086,0.15993800167949032
0.07108784532329956,0.23165409994078232,0.006825843411975366
0.2936147955550566,0.7487069448444095,0.3529778371909421
0.8013300010918608,0.19266244117687065,0.01321439818144681
0.0782137629769263,0.4524897275297026,0.013553485167935326
0.10008407568682355,0.6582425368354362,0.1982447544219954
0.5737227591737085,0.6377859982816114,0.008872756174532287
0.1635139624628206,0.2249630815357717,0.08751701634848286
0.21235663459296192,0.11112661432376746,0.11734616371792699
0.2613633833316004,0.4622545320987953,0.07391957410922152
0.14744603022918534,0.6664591174479866,0.042385955221001935
0.22628512977279996,0.4677362876608626,0.14883842050876445
0.22584422170796575,0.6013243439845035,0.05166995491768638
0.13542228371502735,0.1577929084626299,0.2316741552437399
0.07806906627417877,0.14910779587208808,0.03636720967180813
0.16178392417483584,0.6053376918852593,0.020812398146042972
0.9224101526369537,0.6065440116865453,0.06453435188747353
0.635396249269408,0.7510640318969064,0.34397662353264735
0.5427644225757438,0.6961663601116853,0.10412041074389765
0.19161458783917393,0.4577221729971249,0.24982223376858384
0.11441123601911175,0.8907969506333818,0.3615093471419102
0.25063024766114095,0.9826587215974505,0.20079477378493954
0.14590449129983443,0.5077389555145146,0.13386529892515014
0.13546943137257828,0.79481112935813,0.1233226459567944
0.3675799076524995,0.23001205458070761,0.03640044032215396
0.31690219428279365,0.41946529772098434,0.34259421204622154
0.015341723997476221,0.08520626420254336,0.4709908418817169
0.11644369212024284,0.6233470357107659,0.23915728325734312
0.2374284777633213,0.11243547133139935,0.035271655352737886
0.13130364597521957,0.11869185247910352,0.22881940921302546
0.14925017615859268,0.09322293738202955,0.2993013263561265
0.21406286177532452,0.8991063835447018,0.16643653841287293
0.16490643314186665,0.560246903154277,0.20071405391668515
0.03303468282967477,0.5838789646515427,0.33282572325973925
0.1641620320615753,0.19346534496111134,0.013240836825055894
0.27696610659555143,0.31359271070424155,0.13587393163789444
0.44271945853455363,0.6834802961352258,0.018313377143190257
0.48365543953851287,0.20295369354996065,0.31261473582640137
0.216326511068987,0.8750646681467105,0.740104551815531
0.1751233402474492,0.6318522236849112,0.12445037820774939
0.2104931205759877,0.4480395905617837,0.0496303236294465
0.40689448812729584,0.591256033835321,0.030885640974338165
0.36757252692703307,0.5097959541728813,0.7737221007266428
0.1741914888997488,0.7896514576812974,0.12287326718279264
0.16160816663552613,0.3699516592171599,0.17063985087434663
0.36716261233951103,0.7503668737544653,0.26582192077826644
0.24246545111338544,0.665208767477385,0.013953718945329928
0.5309026728404883,0.9620145923511423,0.16832803124193424
0.3098351505572388,0.0897047074385462,0.2543226388447671
0.27681483836969445,0.4279697985056911,0.16846181552528575
0.13177606386720167,0.41019903290764276,0.22960574665115635
0.46511944079105066,0.2014797212434495,0.08112326087790894
0.2817413987393057,0.7435088157478216,0.15599187154832705
0.26348609291561814,0.2864208886570008,0.15345442204181228
0.11957093363559533,0.2367683604016778,0.022246358385647154
0.5006080963424308,0.5996851086666427,0.1459691803521344
0.671615988605308,0.4544718420910059,0.06272628253610457
0.0782831980497623,0.09877600552291385,0.07184556580194888
0.0800612835281816,0.5982848514433248,0.12168188711784905
0.1883893354346174,0.5332601348553193,0.1422288196484927
0.7150426506611862,0.6965967244673459,0.11159379462257302
0.33986872723431727,0.9608306241130439,0.042418399478771684
0.17082399358928022,0.271377139227001,0.25217417766592576
0.3213482028336168,0.2699586663788155,0.015793793467870767
0.14145371651343022,0.704269417483778,0.04830639938985871
0.13829543094610103,0.8187210804379427,0.4486866919329581
0.22849669541954395,0.9793831436074185,0.04362158754423487
0.41483341036970034,0.5232056324622613,0.11479190432209452
0.2667138792335978,0.33081510315661733,0.1626484100167226
0.12010808651714328,0.5276630534905036,0.07188003473766535
0.2933966391930547,0.4613454650590187,0.3343551958852563
0.0574698802985378,0.4733686869402169,0.07275385472853858
0.5105874919441958,0.8548709669320336,0.6075543332985704
0.3488575864482013,0.5634206918184669,0.31992781356018374
0.7465298581091435,0.3306838467492127,0.20390907068210637
0.33930116150203027,0.702084479563434,0.1390307304842876
0.10453172361416423,0.36289173052943713,0.6896095123355661
0.29725001914968596,0.44709766638786547,0.0732250642152558
0.1685935136048655,0.9141077468994729,0.2249136991520001
0.30844179799047644,0.029068871479014515,0.08924802574808918
0.18995142551708738,0.5893191667970213,0.32233254546781565
0.07363847912291258,0.2213607861044677,0.11222544597391929
0.3848170391867184,0.48741271621119353,0.056573948853410175
0.45385162346960356,0.6101923866104446,0.0969733390538732
0.23968711450993582,0.32918213926682965,0.029661061204498365
0.1275119162901026,0.515482241847318,0.1274034755675342
0.23721544104871523,0.8182488396183157,0.17859885044615245
0.07667188516485789,0.448219688211158,0.5503837129182765
0.19964010092162957,0.5150334283258896,0.1904166643637753
0.4484936006689074,0.3914470283126643,0.07145569119832162
0.23334891238017183,0.0568499141164222,0.12617162424199652
0.3655646741522061,0.1824055402884666,0.3449656288586667
0.24126306081976218,0.18929212045213623,0.1150652979270057
0.20865111549604623,0.19431129769441327,0.42017754446897704
0.24572018670704743,0.6998943862628155,0.0307745282871596
0.35780453392978817,0.026044307292809925,0.2545265192501156
0.4543407807561232,0.7536083055581014,0.20660421059493714
0.5939232392245686,0.41774592871740746,0.11235594879983742
0.4377010641682146,0.42142700257928467,0.22526348333933024
0.4452559399180378,0.6863536627692567,0.06781190197185522
0.4346489366148411,0.3678809865336816,0.08289671390681412
0.2859288763843547,0.49707526390733087,0.39774556625889174
0.31722162148758365,0.9898850905711137,0.1364317624477169
0.30672536249546584,0.2663684708515202,0.5316634851205032
0.06984294680951189,0.44696370917256956,0.11920607131523694
0.20904741561028475,0.2920735380357809,0.4087154353060363
0.6966858197569896,0.8475567426156364,0.37898392661547176
0.4036399288297462,0.33789854604335157,0.4149171210346279
0.15634606116625183,0.14960035079465064,0.06830449652804563
0.4325438782505925,0.7545195526612031,0.03739482105293881
0.4028085950467356,0.5917432257171921,0.2117539077775499
0.20695423126603618,0.5634773398636364,0.3278532332654893
0.8187098134287707,0.5479370048671329,0.2597830712033293
0.11945967174810894,0.41223733017904457,0.33511456667265854
0.06765350611166357,0.07436458179076794,0.11577227339145078
0.031403868849003,0.38193895362740427,0.13428414922894072
0.13676144640946697,0.5563440280679143,0.125383023804823
0.39759823215762335,0.6629384392525026,0.060753481076926664
0.23983537834445756,0.02339734639122124,0.07928547948325737
0.38689884306457123,0.24693710412211786,0.42158058319641084
0.5406691385532073,0.7298292063025076,0.2548064591288119
0.18859487012597098,0.924903873346318,0.08545303600504549
0.39334652404985615,0.6217981363425539,0.06083189707774043
0.23310484153443387,0.8122778327959455,0.14216600948142816
0.8891172535944551,0.6945595593410802,0.09355010719569254
0.21034900069164783,0.43772129718148134,0.30155805515321465
0.1340143128651021,0.49588464987175396,0.23216959424725345
0.3358354432583385,0.18880097828804798,0.0882467004724307
0.17225742850201645,0.363105271249585,0.1858142163272136
0.2617275975929876,0.60169834642386,0.08757806179768508
0.34037953217134437,0.48955131505307986,0.12321753693557085
0.3088659480132572,0.32890577475434624,0.4609595266322281
0.3906731315281611,0.41793285821624765,0.2126136386568862
0.36633655948240057,0.752911303756652,0.20750954958525977
0.10492826842611486,0.10044948764973342,0.12753650714651224
0.4104292888900211,0.16623635049447893,0.30460136343612093
0.2852571105866555,0.2807691437881997,0.2364546953679608
0.23231229011122537,0.5065310683132757,0.01933806921610265
0.3069104682607535,0.3331720195264356,0.2069725928208772
0.024209613532826385,0.5434041750457678,0.3622007696379448
0.16949129131724883,0.35888621327718595,0.09168715161323948
0.02038262290321308,0.5728910889632094,0.16549715649873825
0.1017993748917681,0.026625268696315728,0.15897598541916394
0.9083182936097512,0.3985126531839051,0.12021026540138723
0.4303091905990244,0.5252791921048675,0.24444068414442766
0.06433872822857642,0.431927954290871,0.27101744021267893
0.44523842560853993,0.23574495351934596,0.02566286940577238
0.4968208948883651,0.9912410319347745,0.10545724056702285
0.20021542436130887,0.19595400908572952,0.1079041784530025
0.22381012434768524,0.3235931208640699,0.18458355654390807
0.3535204735457566,0.33483879856286375,0.030775175908519005
0.2656626820131524,0.9144397093627602,0.2477194797259123
0.14873991333538714,0.5230967390684795,0.3812064893604925
0.30804520706970007,0.19956611945189298,0.08090186681421042
0.17117762039754839,0.6508920415364815,0.3346691381255184
0.437124363097551,0.4440519544436092,0.6905427732305265
0.20432673437120655,0.65412266752691,0.09570484935024084
0.03419393431811577,0.6826254642235761,0.08264456856250527
0.570445028245239,0.19549583148828323,0.18679522320153852
0.3969568472041339,0.7785572535587179,0.06233696479333718
0.12726923670238516,0.1318042381447806,0.034358977482803345
0.5515260965063702,0.8162574826028969,0.03480421471726584
0.7336033453417357,0.6391978298653199,0.09030381006136018
0.29573383410255843,0.16338282996542744,0.284220618683046
0.43845267224466955,0.5284887177732701,0.07099098459991673
0.24825464839688466,0.20423470845298608,0.09538628667288582
0.35638052655449953,0.2185727267418425,0.24522317690416284
0.3083629746725924,0.9802541677699913,0.2594182310031429
0.6471938640411639,0.3097634121295728,0.059424973047274045
0.2524935307387295,0.5376366008917679,0.24703345497415496
0.22489111805466494,0.0771812890032001,0.18812487796523095
0.0282240000209875,0.43223906542737867,0.32175462399723065
0.6660113618571945,0.5595797322294774,0.18161575354665882
0.3730988559624785,0.6805381317311541,0.6602864921362808
0.43475345364065665,0.6924617621451044,0.6002011691812956
0.11095986086809752,0.22596099902082242,0.7477621783859363
0.14642214440238696,0.7241868093227314,0.19504183582884874
0.34900027485213175,0.45113485345064885,0.09089488274655405
0.09626709853171166,0.4359944373881054,0.2873372607712074
0.550628792851096,0.9561107284173093,0.3008777229744584
0.20058440343939868,0.7931611829566354,0.24154305946050053
0.4042427137651266,0.6420222705170031,0.4117198357700051
0.4508405117716302,0.12455582847307287,0.08026192841330451
0.2440844766938419,0.4008701153311787,0.15124735649786505
0.1017718643041781,0.2699096900318693,0.3019540150726198
0.4063874203694105,0.36935566602003783,0.03792048963545074
0.16801494169593906,0.49354876040980933,0.30832352370439586
0.5354442480164214,0.4845742997349167,0.15710091079707436
0.4771670660402203,0.5768938018285947,0.18124083729148466
0.11482900119008284,0.9448888314279805,0.40460071825460997
0.5352300443715807,0.6027199023324291,0.3777745150239344
0.06267506231372788,0.4949793653394659,0.31864762770488864
0.1065354870708735,0.43060174275137486,0.49662038197966474
0.3500597175288316,0.44895881593271075,0.306806002447443
0.14592052666041042,0.7940660137282476,0.8363492736062774
0.32799815577265284,0.41817169707921287,0.15746835907230083
0.47121001740184765,0.5751511137701081,0.20853872021051514
0.15010711578956654,0.9583323104480477,0.41698039588462876
0.24195618774529284,0.6028563435923013,0.416916569059432
0.21098148903316724,0.14135204510855348,0.08071253728157686
0.23138185133088585,0.7189689000322785,0.898767697643549
0.614743161302855,0.4581606381603327,0.32491467667115637
0.17108308546985393,0.7932413688828377,0.46674581330627063
0.07004444741390778,0.9048168421491677,0.7650401097387186
0.5770863795723411,0.8147293779255438,0.12317470670370681
0.2800336860096476,0.7576408945122098,0.6055829301582816
0.12983429127039825,0.4557227074696315,0.30730890129392835
0.4350054893554969,0.8114268198859359,0.03428198039767735
0.33838545226433786,0.7531296017684006,0.11792217402034144
0.29869058164871554,0.7421772358847384,0.09932712640809063
0.14116213477021508,0.30770357144378635,0.2139816962832333
0.23267170010803168,0.14980881726167916,0.22193545606107073
0.03052994736923598,0.7888355061948209,0.6876755146211464
0.1802334880198297,0.6825096030658524,0.05304240190146208
0.14189974282697856,0.18773793604189837,0.0778076662688179
0.1675515483925017,0.45063280277117174,0.09221777707836878
0.3220991520657622,0.6358080265201164,0.061716503438639075
0.3126476420926054,0.6354550349834048,0.12579897584033012
0.49018505683351793,0.2935595436698563,0.12194402803173536
0.47849003723303435,0.6349776173627967,0.056715116273558505
0.5982479674484309,0.2581099808981143,0.3029271551869896
0.19564447516595518,0.8504754140711484,0.25807209515896484
0.07392625604044796,0.4171220505188204,0.09835312290270128
0.07812333710591327,0.25045858185625924,0.1256120777487072
0.4504792086477894,0.814964135187674,0.18161167413191368
0.4754618810710055,0.7196275510269525,0.1672870604586325
0.12463539428314446,0.25463451487415445,0.013562196916423781
0.6359682422327373,0.7676548245766027,0.0540873137629908
0.11027650221249242,0.549048657771356,0.40390235504802147
0.34491956901055704,0.2793241346143135,0.20516521660709872
0.2962058615990814,0.11508090053620063,0.21785844063794618
0.2718228492172464,0.027061998051572184,0.20083960162091247
0.5671114762451235,0.4348475422708497,0.06547819028312335
0.22638477496157422,0.66572263372816,0.13275863950225192
0.23186321638807872,0.4883154065507359,0.4611190188169862
0.07063692715275238,0.7674373093878585,0.21497041162059985
0.4702654299545647,0.46032432578354676,0.6065659462423103
0.12626013602054142,0.1839053321450352,0.1190441806400029
0.3945710956067404,0.8793872668398687,0.2134148923773999
0.30258605694274265,0.499327015593404,0.49470961649308476
0.5048801418673834,0.9355782635703151,0.06696723887951997
0.24670575752206056,0.46372828393063714,0.01869466381660207
0.2546534725851022,0.049072808396248065,0.07275260981568213
0.3245214384652232,0.7181924651325164,0.25861408662483226
0.077784947681199,0.12827406155178755,0.05136298910141366
0.0536579577133368,0.6562907848519653,0.02303810153327803
0.4175585189163897,0.5052349452071033,0.05237716699370583
0.18776570651108238,0.05689028542275834,0.033636240337962246
0.31864982175104395,0.30241064811469326,0.6888287885103537
0.035464912580966575,0.8695153149984165,0.6988518341116027
0.6958253994266107,0.41881091010711685,0.6193136366285596
0.29979208964786386,0.27792510993811925,0.11281420780954737
0.4171975182383419,0.34507534557698427,0.39910284493878473
0.6536460842880915,0.49868282989852336,0.3770061330859814
0.3463154342707755,0.26878488995581545,0.18121289412480196
0.3808108744981097,0.7164938566765077,0.20206829989579292
0.45464886944624444,0.8702566813630531,0.019549583550970306
0.6583748092587701,0.2281999092060778,0.14990493916683215
0.17167497019850914,0.299042121028831,0.2564903930662673
0.2419810118133236,0.9274123009913395,0.06738337070872473
0.2230082704478938,0.07986052984176624,0.12396081603257028
0.0766016948724101,0.9853915060082625,0.17380311636475818
0.2941279373495443,0.41594043342599973,0.14472630056374525
0.16417076252729682,0.43672302904299215,0.4754893161081483
0.5226068816843977,0.5718682806774145,0.2256124164033773
0.2363013716430469,0.4599058473783941,0.058929817089206485
0.0979959662561363,0.06873448142852334,0.2991769685348767
0.533267748818847,0.8923514369166169,0.1685927505398994
0.94255818626464,0.4395720204590505,0.12327981387282154
0.4372408306032699,0.0862851510974426,0.4330974652549978
0.0820917137181326,0.4246480526334276,0.26681544219153924
0.8557966674325419,0.07010460947778338,0.6562233445463679
0.18424744227942122,0.2329538690207225,0.2539774007873323
0.051700927431098796,0.5541734478681961,0.19988062378476762
0.15424336607179284,0.7520799608987239,0.0991265795824625
0.06620174507101227,0.5807720325684363,0.13230606361222708
0.1718079568411639,0.43776255294502464,0.1466407950653234
0.4232393053759964,0.5782393427486897,0.058641697175539534
0.09014545884766254,0.7620072596634037,0.05657332450731986
0.3088823812925224,0.5252198414248856,0.12997177909171853
0.18898741218312315,0.1113201738969516,0.1050414644842472
0.09569711814791078,0.6418795275242022,0.08975013243187982
0.19746534552214684,0.3410933545163329,0.0900784718811441
0.06609744189800523,0.7283398491219674,0.13566867352364628
0.16138792077997613,0.4697698771104072,0.128096025540128
0.04599551162095406,0.9813143863285883,0.15428472296042772
0.15838108077544066,0.6563187186853531,0.04887241416125349
0.18043463618938285,0.716461598164141,0.0998936875685966
0.19577515364798903,0.16108179582862017,0.04476313122728623
0.2537608801345819,0.44041504939025494,0.27742991385376314
0.10316459920831082,0.25863661516760594,0.28913209470369633
0.06918491898555439,0.4555929886294034,0.13484702178376046
0.10307066288583433,0.26743758968536124,0.40466186627811257
0.42175744660576725,0.48950780767934043,0.45450493768006833
0.1310620540786288,0.2871290382517891,0.02356716541593358
0.16588602933393606,0.20246683208303048,0.09388316281345055
0.20932631094617188,0.1915718487081663,0.22455415457859526
0.18126431221758507,0.6862057839971467,0.17263271992257917
0.5079977070070559,0.4593104450691064,0.3118512238872397
0.13202286330039736,0.6200150010270176,0.11444439251388501
0.29963034817786327,0.25833291611447523,0.08823569841367795
0.3593618029105785,0.5905207004317538,0.05292514179894919
0.10694163414061396,0.6341022077731275,0.24535238548269306
0.31687491470532697,0.5547419158976045,0.1769002595176619
0.5070969246915841,0.8438173261784895,0.1137259614815622
0.03239643627154555,0.11140252529930955,0.09643253817758465
0.44483891951387694,0.32179505382132084,0.2586397027910834
0.06039418951173326,0.9254871737599505,0.042715226116386514
0.28675878054697007,0.8030723674519739,0.20300164539820148
0.1852381316055767,0.17162005788718243,0.07042612971086727
0.3162661001527181,0.868844260950491,0.07890498452493516
0.056703518850545725,0.3255366964845507,0.11830663141513696
0.09794344267934803,0.8346656597262759,0.03188992373762234
0.13243440421404398,0.26769278631843274,0.16548040442559062
0.8054563349411754,0.6299571873660667,0.29027277730617795
0.22783284368290768,0.10312798683899424,0.1088143013135197
0.19108777707596178,0.48911775092766124,0.172909770279698
0.20588925232805647,0.384813949841257,0.09574960682767082
0.16651139991497857,0.5838724412233701,0.08606186964547544
0.07743476720784649,0.9264030768981277,0.039471344220320774
0.06908161480327722,0.9306553355807107,0.1794741806459864
0.11248226823990261,0.7169072929605574,0.08246227579092903
0.29437064438811994,0.27066214889977536,0.10703115966810109
0.1632458717466206,0.15367622801998596,0.25856757445350775
0.013872803572779972,0.8890432236338491,0.09354584560772139
0.04025528357476251,0.7657142760824344,0.0837766072507626
0.5734586501799304,0.52088368571384,0.1723683578677314
0.3241316335226808,0.34914106832573405,0.14984146364028486
0.2843616117153855,0.7229732993817518,0.08648212956617764
0.0911138534238847,0.5374378883426253,0.08355830806441533
0.06366200521700761,0.19760995710014995,0.020834877244210574
0.24670022524687005,0.3369934223650257,0.1514768288183881
0.2722607718034349,0.7389427404883304,0.016276211221621897
0.21132948119387565,0.5336547294597836,0.04835102085672678
0.09129869530300665,0.20002961883217144,0.015206494538173097
0.267147383175218,0.7699102116928861,0.1891575028999124
0.30871327306106955,0.5190897770775387,0.1986054177619647
0.0255287466920178,0.8718076486758052,0.588001304055126
0.7052781373914412,0.8251520483726911,0.22384167890270307
0.1357087420162838,0.6516306278466436,0.4969832848259862
0.187030841884025,0.4475154274076766,0.12460852341937205
0.2573579716428765,0.6268201346981614,0.36371510203587115
0.12985997506304092,0.048517889453937285,0.0255228762613561
0.5779520307631966,0.12719161193241346,0.23043987346686506
0.27163899417339465,0.9485456366587591,0.17630960350154243
0.1330669425480608,0.26671182917306013,0.14996768826776002
0.24382248574678766,0.8371354079228195,0.5951388138357174
0.06564063959773557,0.23296317309084755,0.1679158266751731
0.3388560473828544,0.36310901555002006,0.37197931729073935
0.15992546723619883,0.06482168212343534,0.12774458989842455
0.305270745776475,0.7602562745038873,0.3773990882804309
0.07494508124217211,0.2018773081889143,0.1397902118048311
0.06205435705006074,0.18958391102305028,0.2128765235473385
0.35196406545877296,0.4570437983333464,0.15385024549650672
0.06604434909565415,0.9793895957149605,0.2664208175064503
0.7614458947372832,0.682481292772821,0.29108589510367855
0.20583893828023037,0.2531286928099785,0.24498851899237484
0.1373620518475183,0.9384635843692354,0.09503724001333931
0.32096814579566324,0.7902301346637047,0.25189547969938436
0.380172976459571,0.6367914213661127,0.16096677325447242
0.12897201913235137,0.16656361475569584,0.3669183053033158
0.05774925521961877,0.31960431513285054,0.4102920688197719
0.032500311729982106,0.13097784278774216,0.06282928138925105
0.007875838007299692,0.7465113229208458,0.34628034673078084
0.2601949293411842,0.7299523120292863,0.27860727485057646
0.3189266822400667,0.3177121905748964,0.03452952827712813
0.45939429742362137,0.9449950575886329,0.026025627395461236
0.12536260604190747,0.26225330952674575,0.29038387024671597
0.048468104301225924,0.778747826693106,0.06881132880608908
0.06074472561093695,0.9650864917350239,0.00759956949111942
0.16009051394625948,0.8989920288813564,0.37219297641671995
0.037359418754684494,0.9891020138200414,0.05286415191486272
0.7555897861327857,0.25063510470676476,0.1135426341816691
0.23987230051975839,0.16425451856272844,0.25981119660656915
0.04632157483784617,0.46153351142716725,0.29579913934604624
0.18986245081058875,0.4757494544449392,0.12505851696422957
0.13773719446476765,0.5459429261768876,0.18274528682845975
0.23261248427787648,0.8630077115230917,0.254022570049625
0.45497724046817256,0.05321701196303785,0.05375788877432466
0.1144354662863215,0.18485448098626242,0.26859942962425587
0.12696774339127748,0.30159888637386945,0.12837577433733077
0.3927423560571237,0.9364444276612347,0.1783534528513408
0.028103006215261083,0.474086107839605,0.2691435410856635
0.06458556323047496,0.9717771144719254,0.06844927658847752
0.22860718087257076,0.4947869633119823,0.28033269186547555
0.4604837618351158,0.352607397855836,0.1551137147847633
0.19264854223314834,0.9034810096988862,0.10184060500088425
0.07190576213144467,0.9696890996713047,0.18535442417828465
0.20992570685812983,0.7417395291721891,0.37799068726602086
0.12432218579869436,0.9943638445685078,0.10748822564371789
0.4156144555880997,0.5840197803049333,0.24016342098958252
0.5507750414206268,0.984208460858335,0.12182749297049818
0.20849426367903168,0.2348229085412797,0.20653826176525913
0.4918453548450446,0.7276862020457008,0.058741950316978375
0.4208079969233276,0.30808049109892205,0.22701492489526812
0.1554733495897193,0.06536654446129075,0.1468242318868722
0.0704900446120522,0.9235822268946631,0.28254038045713886
0.10847819657422976,0.9974833841710083,0.16202431079220692
0.3616987824445823,0.1271173178620455,0.11016447430685201
0.07873756315530299,0.2559888361399699,0.10906440883358845
0.2040316488254743,0.8454739861759367,0.1426219462093602
0.47685181018720096,0.2905920825917597,0.14229870602833747
0.6478821764959313,0.23850897646279803,0.17011483394046248
0.26203989360889374,0.13986828053203804,0.2779732723356383
0.3004648910918407,0.9937794630989261,0.21131555976559424
0.42552174518219427,0.09130686245428316,0.4939173835779509
0.2125737308044518,0.5303582498124034,0.09831104294848478
0.2585288076464144,0.18714994803936483,0.07180955169962726
0.2217125550253929,0.6866146845651201,0.18348480558357194
0.4844461453601319,0.8464762717575055,0.027405256884979565
0.21050067153553917,0.8018436821880588,0.16122237599608885
0.15684135136642285,0.6739909197524262,0.32228185702373147
0.5806036541998503,0.06970545425120575,0.07081497779054516
0.12219978087838264,0.4320522042862688,0.29818079548584164
0.04236454349375676,0.18451402591744376,0.7815477241223313
0.5201071655954379,0.8956402592472753,0.2255883529085566
0.34881023120330396,0.14138055035240044,0.14260456992151932
0.3066318511528461,0.42093550755365855,0.23624276360027308
0.5629145515089546,0.995089177908596,0.061354772426815446
0.17506292126262385,0.9913175263135889,0.21299210513229255
0.21409413203430072,0.5157609303628087,0.46070829916423245
0.2830630060805711,0.9702216019602135,0.3231982587080454
0.32782526371917464,0.9960119731089192,0.19485575802119795
0.3267968397620933,0.7565953073407964,0.5647878004335419
0.1734132568784157,0.5073250500755808,0.21077518016480135
0.3097200180537541,0.595150456354815,0.08876292765776345
0.42261929270051646,0.40347976964079885,0.3202699120986646
0.261970431756077,0.5156289549774541,0.5088181747727912
0.37951497949388285,0.24460287681606802,0.20551359661333332
0.42001166031835246,0.10512715757759286,0.11341603724276755
0.15937381165080433,0.13304142946642133,0.18035433022682676
0.5021828026629624,0.5074067928539925,0.3079645565285119
0.1521210886602624,0.21759196080968599,0.13641174363693911
0.3839866684147994,0.10386465226684755,0.128505645171603
0.5971713510012295,0.8777843605936384,0.09998474216443244
0.33551924494112756,0.2049595559418527,0.03611300801964388
0.5610081415677509,0.3677173176274836,0.2136711272484052
0.043817134128752336,0.9452038520509617,0.09741925985840245
0.19899791861965385,0.3321079362304808,0.2547226394544715
0.6460617645968263,0.17845566101882848,0.13105446798687911
0.33009884342521906,0.17973768516981908,0.11470299086117998
0.23110233650794626,0.163522508438716,0.09989524909361727
0.4330842153621283,0.72239941409215,0.08869743607246565
0.33469161115025287,0.696047142493134,0.19927239275239206
0.49753138863491675,0.3043621290614986,0.08942484086408482
0.29626203203882207,0.04628558675175926,0.12468180020407728
0.3407007656828612,0.7056335823851192,0.2727243051115656
0.2793525163810003,0.22418071090929734,0.25232758073508854
0.5723016433981687,0.25067152256962894,0.5261739555295086
0.47559560206751617,0.40300735081152905,0.2090828329039279
0.342844192919256,0.3201915638385969,0.09127689874261358
0.3174272755839979,0.32155102719706635,0.09766262243352565
0.9356004768819209,0.8215944437982465,0.3046285773876189
0.12876418447687255,0.519741829515595,0.15814621803050832
0.2062132691279473,0.744605714257974,0.2266065644126421
0.42370784318658755,0.674561121754506,0.36352205368284624
0.11785444157875319,0.844487247739167,0.0654884663434056
0.2192889943107949,0.9948133839464685,0.04675927714978972
0.0486514857216598,0.5568566460015096,0.16450784922798822
0.3996780507594203,0.9699635629247827,0.40944837266266937
0.1394426988978474,0.11771197024307979,0.16969332578936303
0.16207052695075574,0.7085052527705308,0.10730433732355595
,0.7619153536777387,0.25263350643797045
,0.7749592029484171,0.40736663864171785
,0.7973744951020766,0.10356700213466394
,0.9227862308532073,0.23694828069853988
,0.8171368027267678,0.08851981609734587
,0.9299059250576257,0.1869089260738693
,0.12374447563325411,0.14391132624257602
,0.9300597533166317,0.0408477974615944
,0.6027621097466636,0.7443881520207881
,0.9294444064444393,0.4421320734138122
,0.9908332239736233,0.3593166475735374
,0.5308053442198675,0.653777451418233
,0.9869155701484339,0.23754423516369588
,0.22794477170289862,0.12196715599053028
,0.18342323313142309,0.18186630560309808
,0.6454509157668922,0.11785817988760755
,0.06483353516403582,0.3529209591697153
,0.5691053992909539,0.12798824167406722
,0.5152871385449564,0.11076379449472944
,0.519074160285336,0.47422004336464396
,0.23264757347628418,0.06024065077016623
,0.7322553357803413,0.18835808526976233
,0.549464648934293,0.44038879336622583
,0.2721161026536022,0.054573346925499165
,0.3646380214416835,0.6011521375792722
,0.565865309918179,0.21503492712600936
,0.15433602634798255,0.11035882919345676
,0.7820132289108208,0.11873306510740023
,0.8211560332943533,0.24022442395815718
,0.45376619733222034,0.10729627084626091
,0.56064922811189,0.09590123367652302
,0.2678268519969373,0.05981629069566543
,0.6070156070670449,0.11211943163357463
,0.7181971247072761,0.05364796806480224
,0.7733728223404627,0.2769371387032801
,0.7448881627681642,0.16720086685298613
,0.5646661060041072,0.34229996690647835
,0.17842983280668748,0.26752151258375895
,0.7053776342258776,0.3292093169270917
,0.22625469357796557,0.14833971351962658
,0.756616853837668,0.20762125805192666
,0.6913339208609545,0.2383998831676511
,0.8797167828988179,0.16127146844518092
,0.06888082056821296,0.19786245569312577
,0.13364992408347365,0.42216139357592836
,0.27064234971793055,0.05689007912722925
,0.8050058222551448,0.007614430699536149
,0.0626786515565935,0.20058888571782557
,0.1540018213794444,0.4561968533894258
,0.08141134268908737,0.36618473632545423
,0.49440379338032475,0.4805986048609626
,0.058011166576464566,0.20832822098038772
,0.83104700066275,0.24010303117356785
,0.45203030374383935,0.061773416341220834
,0.35072061326915466,0.09861500626789017
,0.3651375134702895,0.6767026119068175
,0.1324061803925612,0.16238232851992396
,0.9646826044656425,0.8202671313614553
,0.31019307613323294,0.11449346520753931
,0.4276128957091128,0.3047121087210238
,0.08040852593704931,0.11220565305736373
,0.39912421502245155,0.27494989304685435
,0.31531660180365956,0.2890037592088293
,0.7432324903532622,0.08244153416657048
,0.6366390059617986,0.601841166255652
,0.6548259110468013,0.45277033849556503
,0.11694465895377278,0.11385472485710764
,0.09858468890937803,0.27076627037756906
,0.22342730822038856,0.2254215527015563
,0.4365253948691578,0.05880962531165602
,0.2825568759271294,0.1492329134339696
,0.8937013500646301,0.10598368044461245
,0.9800768656101568,0.2632316838481654
,0.05136970274104543,0.029226573051194107
,0.9572694688074616,0.36991302804142634
,0.7743103856813149,0.0880027907526344
,0.3479107367673973,0.050602334485936734
,0.059145397911919834,0.4190875124802881
,0.6074629634749416,0.47214661453990125
,0.7479513504395405,0.14034158397896201
,0.060117655286453534,0.26434138497431053
,0.2561546043908984,0.059956427561539516
,0.3976255967474125,0.12246825028172097
,0.5513579947175988,0.4043591371103837
,0.7170436764523028,0.38613296536311054
,0.534194470570736,0.0524001986563149
,0.7176925957866294,0.17685937633700494
,0.3150914807539335,0.04961899333973919
,0.27021651590138407,0.134644971440729
,0.15537365961974867,0.2588598940728026
,0.31196378648411627,0.17744005321030934
,0.6964306141067604,0.18707834370933285
,0.1939302936979086,0.09305725393468901
,0.281458624220686,
,0.5091904420839446,
,0.41536262925430667,
,0.27956506092703676,
,0.5812481102704411,
,0.5611426911958877,
,0.4080905789817783,
,0.3038193802436587,
,0.291839479805223,
,0.6401143807557669,
,0.6653358658353289,
,0.49427807850599925,
,0.6345986450920575,
,0.18807733589135672,
,0.5541532312688221,
,0.32389825154638546,
,0.6595171005442463,
,0.5752182925516917,
,0.7003590799045439,
,0.20346792209491393,
,0.6506423239770309,
,0.05532641221104687,
,0.19890127434522908,
,0.8996954373351619,
,0.8991168664179866,
,0.4761931454405866,
,0.5363999686090125,
,0.7380787006562994,
,0.13702471395976865,
,0.9219436807809245,
,0.593081626487107,
,0.2199381476139632,
,0.5092327602446606,
,0.4019616896504187,
,0.6411070584130576,
,0.20122182632143001,
,0.15550210633597966,
,0.5203309247293278,
,0.05200223504290584,
,0.43598021017790206,
,0.6216208763241112,
,0.6162510402159695,
,0.4792231778673369,
,0.19648669549406392,
,0.46360722050894326,
,0.3949992368329107,
,0.11929568002644367,
,0.45715984197993353,
,0.2665577485349491,
,0.5552670123215719,
,0.7184832557980052,
,0.5370859570299357,
,0.9363112132493949,
,0.44582535251877375,
,0.13421975548038723,
,0.4515912627522617,
,0.4047379820016384,
,0.675718335288776,
,0.13265037382030495,
,0.9344430567588988,
,0.43133520624843386,
,0.17796664837481524,
,0.622185878727618,
,0.31431762481399383,
,0.5682540066869944,
,0.5898665704669924,
,0.5204249961817682,
,0.5241491815075472,
,0.027138901321734035,
,0.4782654040565285,
,0.5416056721613525,
,0.32084245499401615,
,0.6055059786383322,
,0.9320710387808406,
,0.469247494781512,
,0.5135238740251995,
,0.78876984822468,
,0.05307997399647172,
,0.5459977689679346,
,0.3205463072588786,
,0.21767013003727237,
,0.2205953496337006,
,0.30255510524935336,
,0.6004355550229111,
,0.1730732828466543,
,0.6833476297736314,
,0.3211129274983156,
,0.5785421517608459,
,0.0992533401422628,
,0.9586491774272087,
,0.5562451528946935,
,0.29844074439179075,
,0.28154523921975344,
,0.07103234409658468,
,0.4785341473428056,
,0.7326938165174959,
,0.10585270018162297,
,0.12466250030340892,
,0.69229232694305,
,0.951815436704538,
,0.3570615140178566,
,0.7876712833199329,
,0.10671592027121235,
,0.2930481171742666,
,0.3903569503378929,
,0.5468822763077632,
,0.2913488201909342,
,0.6652109752451802,
,0.10496068887812884,
,0.4172017454807506,
,0.2412022525065786,
,0.5517592439687782,
,0.49369945281693095,
,0.17916376451420413,
,0.7980893671446813,
,0.32305446600321486,
,0.44519053679554704,
,0.5673573125060463,
,0.12120008734786138,
,0.9239810782803639,
,0.30354822545108334,
,0.5290125932225843,
,0.15811984507817706,
,0.04700670736530035,
,0.47932164959643575,
,0.07333376656522697,
,0.6266485534717174,
,0.042023215607243765,
,0.954206426313905,
,0.20274178996987194,
,0.8366741137430934,
,0.5560409527594318,
,0.5582407788611762,
,0.9929785190708067,
,0.5153181295026168,
,0.35281252706678184,
,0.26193892443858846,
,0.4665334387431605,
,0.27702713392746153,
,0.466879206533938,
,0.4928271639015339,
,0.3568145100407737,
,0.6590103021004976,
,0.38217656583379306,
,0.6703325316093648,
,0.7024157214698014,
,0.7913992897584803,
,0.5510508209497286,
,0.6864967116750845,
,0.4786324595588346,
,0.47410025255149146,
,0.17059675500446064,
,0.38313769514612606,
,0.3395521219833897,
,0.24441882398008458,
,0.2924137299629057,
,0.6727542614538959,
,0.7051808005045805,
,0.24583088120662838,
,0.3668155300167588,
,0.7605695562716525,
,0.43804314756595103,
,0.4526439103162402,
,0.6917820749048861,
,0.6403449679936429,
,0.49318768483571956,
,0.35844398326911625,
,0.44754538690735796,
,0.3002288428740518,
,0.3188784463935876,
,0.4561521250735969,
,0.7332943460354495,
,0.5878181564251199,
,0.6761726077362448,
,0.1592322669040045,
,0.08326922540029742,
,0.40631486348773327,
,0.3965081718396841,
,0.4280491138889821,
,0.0745702019533313,
,0.4865999544474424,
,0.07236289619941771,
,0.36187333323777904,
,0.4752941404841815,
,0.866772113585476,
,0.2801727537642996,
,0.8461544348583898,
,0.37289350428658835,
,0.5619301317694025,
,0.1511602638458895,
,0.2531970611254533,
,0.1167752095780317,
,0.8355725924884168,
,0.35455385097644493,
,0.0813957213145201,
,0.16073042343044425,
,0.6695521049033264,
,0.4865268195042451,
,0.45905148190477235,
,0.14771261854029238,
,0.5291638703930686,
,0.25059892109905096,
,0.6146772931804803,
,0.28778423202030434,
,0.2736449364631456,
,0.2764823985586633,
,0.42665573936782347,
,0.43674934559033257,
,0.2679858129880892,
,0.9503767380820649,
,0.5194020158710455,
,0.11261200963559172,
,0.7162895166778096,
,0.8035437577611714,
,0.9716605095727608,
,0.3067951248936132,
,0.5369264343596636,
,0.9014836229679711,
,0.9880012741696104,
,0.2955152133384166,
,0.2538004170648608,
,0.9895244857960853,
,0.6025996338018047,
,0.4582637356735422,
,0.683152222744444,
,0.9922231913269595,
,0.31647589278935656,
,0.7291048168579427,
,0.8557604885373494,
,0.22958761012538803,
,0.1366047595561778,
,0.5758603932746142,
,0.9922715674421724,
,0.6904826822912672,
,0.3628727582775106,
,0.15477913547481575,
,0.1574941933029026,
,0.5456034372398508,
,0.3159984799527939,
,0.3044609034730667,
,0.20237212248214506,
,0.29824971328686806,
,0.6470039925004974,
,0.4164030183300148,
,0.5851199739133311,
,0.31790136553460746,
,0.19244740534714502,
,0.5008916702668731,
,0.8135409590764876,
,0.23293374865735367,
,0.29546801107508586,
,0.42585474733407,
,0.29974944272043064,
,0.41969632721900824,
,0.35917835699875855,
,0.37730235234468446,
,0.31012884842966304,
,0.8105319578023565,
,0.2594701469217208,
,0.7094817783682277,
,0.4009591340247713,
,0.9280024014824898,
,0.6847288335618635,
,0.516469829998177,
,0.7964486131688701,
,0.8123923134472605,
,0.5218403323875962,
,0.8543225776664922,
,0.7511146375809968,
,0.7276944376004691,
,0.07940338235732003,
,0.9785245096438653,
,0.3149183068085978,
,0.39380414563015725,
,0.6506486113327645,
,0.3468087729635767,
,0.9500743655253618,
,0.3601771980001791,
,0.8510486684165008,
,0.8433207413033618,
,0.9856959557827554,
