Cell ID,Area [microns²],Mean Area [microns²],Normalized Area
21,15.641802372720107,15.925492086543223,0.9821864396854131
22,4.714361629648144,15.925492086543223,0.29602611988559535
24,34.06035486218118,15.925492086543223,2.138731706190832
25,2.853864367012113,15.925492086543223,0.17920101630163007
26,14.995029151372933,15.925492086543223,0.941573991553045
29,6.790077846128123,15.925492086543223,0.4263653398732732
30,24.475947927695092,15.925492086543223,1.536903713535914
31,11.41748983662343,15.925492086543223,0.716931682523708
33,20.459928456017227,15.925492086543223,1.28472817950194
34,5.221615136182178,15.925492086543223,0.3278777891324537
35,4.333204526486747,15.925492086543223,0.27209234747278127
36,8.49882557134291,15.925492086543223,0.533661724558218
37,38.428712337146315,15.925492086543223,2.4130313919541577
39,23.09230058816563,15.925492086543223,1.4500211649772659
40,9.649679094997726,15.925492086543223,0.6059265888023356
41,17.822962451063383,15.925492086543223,1.1191467336901628
42,22.111439264930265,15.925492086543223,1.3884305203739398
43,26.9832301286614,15.925492086543223,1.6943420009898333
44,36.853393053993784,15.925492086543223,2.3141133004696472
45,7.788381312055705,15.925492086543223,0.48905121862053846
46,36.66337797940888,15.925492086543223,2.302181796340775
47,14.721959666071317,15.925492086543223,0.9244273009630346
48,8.56405552018398,15.925492086543223,0.5377576701331863
49,11.595515474257018,15.925492086543223,0.7281103410333573
51,3.5844740852253993,15.925492086543223,0.22507775996788323
52,4.541567736899201,15.925492086543223,0.28517597523637905
53,51.13948606499356,15.925492086543223,3.2111714845034887
54,8.066885318778999,15.925492086543223,0.5065391558980701
55,25.671605893758926,15.925492086543223,1.6119819566172784
56,11.018349297111339,15.925492086543223,0.6918686868345916
57,25.357257665855432,15.925492086543223,1.5922432743715276
58,12.46014823891514,15.925492086543223,0.7824027145411575
59,14.964354972977024,15.925492086543223,0.9396478860217862
60,12.66539912717009,15.925492086543223,0.7952909121013688
61,27.24237575901141,15.925492086543223,1.7106143791959036
62,4.281341040150249,15.925492086543223,0.26883571426768726
64,9.684773758768301,15.925492086543223,0.6081302672557148
65,12.746642849624592,15.925492086543223,0.8003924010860107
66,21.783089351342902,15.925492086543223,1.3678126385651375
67,30.367485649674254,15.925492086543223,1.9068475551430073
68,27.857605035914787,15.925492086543223,1.7492461070922891
70,8.041926416978596,15.925492086543223,0.5049719263478138
71,30.934189631320756,15.925492086543223,1.9424322628912443
72,5.777800810057565,15.925492086543223,0.36280202700547703
73,3.8728152294656644,15.925492086543223,0.24318339479997161
75,8.139574310031088,15.925492086543223,0.5111034727089465
76,7.613056789057327,15.925492086543223,0.478042169603678
78,7.053684658450686,15.925492086543223,0.44291784643885085
79,9.204617440649052,15.925492086543223,0.5779800957250673
80,5.424178959603148,15.925492086543223,0.3405972594207302
81,11.49419887717179,15.925492086543223,0.7217484279110093
82,20.739791733298997,15.925492086543223,1.3023014686512435
83,28.55485680863635,15.925492086543223,1.7930282250282699
84,28.021791799980672,15.925492086543223,1.7595557894037461
85,6.955619769959475,15.925492086543223,0.43676011592990954
86,15.90071983781086,15.925492086543223,0.9984444908453852
87,12.611012541167142,15.925492086543223,0.7918758473920714
88,14.313666686805764,15.925492086543223,0.8987896015408262
89,10.095011501699135,15.925492086543223,0.6338900830718601
91,7.262929085541666,15.925492086543223,0.45605680791984576
92,19.531521389248045,15.925492086543223,1.2264312639828479
93,6.69077586382476,15.925492086543223,0.42012992926468845
94,18.098189296281273,15.925492086543223,1.136428890104686
95,5.2946285537921405,15.925492086543223,0.3324624774556269
96,15.928960050839297,15.925492086543223,1.0002177618297274
97,10.18722118276355,15.925492086543223,0.6396801510059198
98,8.041439727247335,15.925492086543223,0.5049413659275381
99,31.869397928103968,15.925492086543223,2.001156244021689
100,12.391312379192984,15.925492086543223,0.7780803451381849
101,14.00844689021291,15.925492086543223,0.8796241154802253
102,10.713343361924991,15.925492086543223,0.6727166296467278
104,25.914793759677515,15.925492086543223,1.6272523083650952
105,2.0363325140065895,15.925492086543223,0.12786622246525473
106,6.011940794450246,15.925492086543223,0.377504240483108
107,20.88801477575713,15.925492086543223,1.3116087504389995
108,7.1585862231840185,15.925492086543223,0.4495048683131685
109,37.97088576093005,15.925492086543223,2.3842833586922456
110,15.02898522861954,15.925492086543223,0.9437061754166318
111,40.30775371265893,15.925492086543223,2.5310209250437112
112,20.664762888491033,15.925492086543223,1.2975902268007415
113,14.00075384438488,15.925492086543223,0.8791410506062344
114,17.454705374589512,15.925492086543223,1.0960229850189966
115,13.075822983269388,15.925492086543223,0.8210624144115611
116,8.895731594595315,15.925492086543223,0.5585844095902105
117,23.76647683710549,15.925492086543223,1.492354315204349
118,6.420678855099311,15.925492086543223,0.4031698876372353
119,23.853924686267376,15.925492086543223,1.4978453762457706
120,5.2291378423675665,15.925492086543223,0.32835015797007
121,14.153682867177633,15.925492086543223,0.888743832232177
122,47.84254827429322,15.925492086543223,3.004148820915831
123,10.784515686816494,15.925492086543223,0.6771857113243761
124,9.403816125892483,15.925492086543223,0.5904882608832258
125,33.04878623541379,15.925492086543223,2.0752128760491786
126,8.108573209434972,15.925492086543223,0.5091568389454404
127,4.295449549193765,15.925492086543223,0.26972162152674384
128,13.28676217880909,15.925492086543223,0.8343077944848049
129,31.389795464218835,15.925492086543223,1.9710408503321974
130,18.63228769756083,15.925492086543223,1.1699662149406864
131,28.81006959841602,15.925492086543223,1.809053650703833
132,7.795422564701271,15.925492086543223,0.48949335583094944
133,7.80825213056712,15.925492086543223,0.49029895516792
135,25.981949745790924,15.925492086543223,1.6314691944586908
136,7.222226655892938,15.925492086543223,0.45350100434231483
137,7.099490164869658,15.925492086543223,0.44579408449605207
138,9.447083952206386,15.925492086543223,0.59320515189537
139,52.37017417735499,15.925492086543223,3.2884493548307323
141,14.486180514045818,15.925492086543223,0.9096221602022836
142,8.492753701212292,15.925492086543223,0.5332804572103947
143,11.34457701087673,15.925492086543223,0.712353310605875
144,11.254617495537062,15.925492086543223,0.7067045359965377
145,9.17179617981622,15.925492086543223,0.5759191697169744
146,5.738271249157217,15.925492086543223,0.3603198706811679
147,14.073641142470969,15.925492086543223,0.8837178195807815
148,7.719435910427366,15.925492086543223,0.4847219708174771
149,20.001349456998426,15.925492086543223,1.2559328998002666
151,17.925713481412135,15.925492086543223,1.1255987183315401
152,16.76424668148115,15.925492086543223,1.0526674209110727
153,16.59117439250156,15.925492086543223,1.0417997950920983
154,15.185941882176873,15.925492086543223,0.9535618616776522
155,9.230389208759517,15.925492086543223,0.5795983671084828
156,22.065114111317996,15.925492086543223,1.3855216524180531
157,17.65204087185833,15.925492086543223,1.1084141561172864
158,22.6808245156604,15.925492086543223,1.4241835914649899
159,14.4005870212465,15.925492086543223,0.904247538662542
160,22.908251563712422,15.925492086543223,1.4384642835036485
161,18.12158085369761,15.925492086543223,1.1378977023265764
162,7.609599024650557,15.925492086543223,0.4778250482495635
163,24.41536614159006,15.925492086543223,1.533099637292881
164,20.865530331328987,15.925492086543223,1.3101968980261536
165,7.744281107317462,15.925492086543223,0.4862820605625902
166,2.903781741673106,15.925492086543223,0.1823354484679788
167,11.69278587084759,15.925492086543223,0.7342181834825563
168,26.662497668548504,15.925492086543223,1.6742024374290998
170,13.299465715386612,15.925492086543223,0.8351054801392568
171,17.552244327740564,15.925492086543223,1.102147690781368
172,10.614385659311113,15.925492086543223,0.6665028371889427
173,5.702424234156049,15.925492086543223,0.35806895028220215
174,18.948484572636957,15.925492086543223,1.1898209781943325
175,6.498520064314266,15.925492086543223,0.4080577246216089
176,24.214931015748824,15.925492086543223,1.520513833051981
177,31.31295451228375,15.925492086543223,1.9662158219112538
178,18.940105262809638,15.925492086543223,1.18929482115116
180,5.291650219641024,15.925492086543223,0.33227546068183234
182,7.190158474069704,15.925492086543223,0.45148736597880507
183,4.801957911538642,15.925492086543223,0.3015265013755033
184,11.586009777742012,15.925492086543223,0.7275134554574925
185,29.95576323965685,15.925492086543223,1.88099451350511
186,16.818341971894665,15.925492086543223,1.0560641944688092
187,17.33456231645181,15.925492086543223,1.0884789130691432
188,15.535960564812745,15.925492086543223,0.9755403776778976
189,9.790695091594612,15.925492086543223,0.6147813228244035
190,17.711732461018826,15.925492086543223,1.1121623347503935
191,34.0048639874266,15.925492086543223,2.135247300531464
192,16.96885689085785,15.925492086543223,1.065515388701631
193,7.571152429758787,15.925492086543223,0.47541089396893965
194,13.677867070714324,15.925492086543223,0.8588662125091818
195,16.187290324560806,15.925492086543223,1.0164389418295463
196,29.51559687233085,15.925492086543223,1.8533554072888612
197,29.506124609661235,15.925492086543223,1.852760621104664
198,15.573533549372835,15.925492086543223,0.9778996758619605
199,22.135380333228063,15.925492086543223,1.3899338377074133
200,24.598915670808204,15.925492086543223,1.5446251542578002
201,36.61774020239725,15.925492086543223,2.2993160904169883
202,7.785968175306737,15.925492086543223,0.48889969195273725
203,47.207464016049144,15.925492086543223,2.9642703509261525
204,20.072594029348846,15.925492086543223,1.260406518069847
205,32.14485202819932,15.925492086543223,2.0184526703172447
206,10.025006441862521,15.925492086543223,0.6294942967780246
207,12.414695181484959,15.925492086543223,0.7795486076047328
208,2.640422995382431,15.925492086543223,0.16579851856593775
209,4.6974399562024285,15.925492086543223,0.2949635672590417
210,24.25007279573246,15.925492086543223,1.5227204700458437
211,21.292267322983633,15.925492086543223,1.336992741403278
212,11.0771745549376,15.925492086543223,0.6955624664369164
213,9.035695749873524,15.925492086543223,0.5673730959628266
214,5.092979070031059,15.925492086543223,0.31980042075651416
215,16.89949074801404,15.925492086543223,1.061159721544418
216,22.395096060079997,15.925492086543223,1.4062420136457499
217,35.68190364256061,15.925492086543223,2.2405526591364313
219,8.514059939349275,15.925492086543223,0.5346183272128536
220,10.598998699844266,15.925492086543223,0.6655366529490316
221,4.685423996406984,15.925492086543223,0.2942090562065639
222,34.98967578361163,15.925492086543223,2.1970860048448566
223,14.300974201576524,15.925492086543223,0.8979926098271469
224,8.49757110106071,15.925492086543223,0.5335829533481743
225,8.582836592155864,15.925492086543223,0.5389369788710152
226,14.701976263489147,15.925492086543223,0.9231724949907246
227,9.45700454232345,15.925492086543223,0.5938280896396578
228,7.425813210177403,15.925492086543223,0.46628469436445813
229,11.555103527303135,15.925492086543223,0.7255727775637781
230,12.954319596175077,15.925492086543223,0.8134329241305682
231,16.288612577150765,15.925492086543223,1.022801210074656
232,5.683037424409274,15.925492086543223,0.3568516058107458
233,27.97768137517353,15.925492086543223,1.7567859896030595
234,6.745267229505354,15.925492086543223,0.4235515733422764
235,6.178753852909003,15.925492086543223,0.38797883414415485
236,18.224183666780775,15.925492086543223,1.1443403800489096
237,15.676958229349607,15.925492086543223,0.9843939605857691
238,21.761563721827443,15.925492086543223,1.3664609924496842
240,10.737630842833077,15.925492086543223,0.6742416990622349
241,4.493978861385386,15.925492086543223,0.2821877551389903
242,29.22188419430969,15.925492086543223,1.8349124809149038
243,8.56941243417188,15.925492086543223,0.5380940436630459
244,7.44823754974737,15.925492086543223,0.4676927726485141
245,24.07880713702661,15.925492086543223,1.5119662868924977
246,21.335967793693996,15.925492086543223,1.3397367991989733
248,30.096312656741027,15.925492086543223,1.8898199498759547
249,7.34338969948729,15.925492086543223,0.4611091236353276
250,15.184096504318765,15.925492086543223,0.9534459859578892
251,18.020359828535547,15.925492086543223,1.131541790395441
252,43.28482869076046,15.925492086543223,2.7179586323323366
253,28.455871517447516,15.925492086543223,1.786812700217424
254,17.24126036603142,15.925492086543223,1.0826202589118108
255,29.490270632074704,15.925492086543223,1.8517651116723417
256,13.225828607419405,15.925492086543223,0.8304816287965765
257,25.041917161337793,15.925492086543223,1.572442284687567
258,46.72345409261314,15.925492086543223,2.9338782022373855
259,8.56236995346956,15.925492086543223,0.5376518293399939
260,43.5037912710805,15.925492086543223,2.731707820057911
261,5.191676858963725,15.925492086543223,0.3259978926083299
262,12.238826845909912,15.925492086543223,0.7685054112865698
263,31.702533156808034,15.925492086543223,1.9906784031870608
264,21.004174605017564,15.925492086543223,1.3189027058552083
265,14.83138141714072,15.925492086543223,0.9312981562229398
266,7.290426934525156,15.925492086543223,0.45778346407803916
267,8.706597729153012,15.925492086543223,0.546708238705537
268,13.233001942237921,15.925492086543223,0.8309320597647083
269,6.306703880842816,15.925492086543223,0.39601312452830745
270,5.4114248951969675,15.925492086543223,0.3397964010022354
271,5.7204597799287304,15.925492086543223,0.35920144563460144
273,14.562886752040331,15.925492086543223,0.9144387296104797
274,2.692428498799389,15.925492086543223,0.16906406936552035
275,39.102712342079684,15.925492086543223,2.455353475395641
277,8.630654854318413,15.925492086543223,0.5419396027084886
278,12.767643628231466,15.925492086543223,0.8017110905489642
279,56.258539885169164,15.925492086543223,3.532609201614982
280,14.754792737778201,15.925492086543223,0.926488968604352
281,13.699962666736102,15.925492086543223,0.8602536481941644
282,23.5968293244883,15.925492086543223,1.481701739340741
283,9.536792881559483,15.925492086543223,0.5988381916071476
284,8.955407860985956,15.925492086543223,0.5623316260696979
285,18.270789010262607,15.925492086543223,1.1472668418014613
286,15.138082523369372,15.925492086543223,0.950556657282873
287,34.782946494054485,15.925492086543223,2.184104974906584
288,20.65178193822602,15.925492086543223,1.2967751216727823
289,14.488064851943225,15.925492086543223,0.909740482316738
290,3.6351877911193418,15.925492086543223,0.22826219569007952
291,4.288027492162388,15.925492086543223,0.2692555726918919
292,10.833901762925667,15.925492086543223,0.6802867819751789
293,24.5053844455783,15.925492086543223,1.5387521033830374
294,3.073498193120002,15.925492086543223,0.192992353166723
295,4.309749365693622,15.925492086543223,0.27061954144169204
296,32.36128697341804,15.925492086543223,2.0320431417477387
297,13.998097213614349,15.925492086543223,0.8789742343624352
298,3.6126779740183212,15.925492086543223,0.22684875006600105
299,16.538464795581245,15.925492086543223,1.0384900325658366
300,11.546474777623658,15.925492086543223,0.725030957591586
301,14.106461012044235,15.925492086543223,0.8857786582283358
302,2.7738759784998956,15.925492086543223,0.17417835275832858
303,18.667904714819173,15.925492086543223,1.172202693227498
304,9.294229820250896,15.925492086543223,0.5836070728454518
305,19.482251966342783,15.925492086543223,1.2233375182676436
306,4.74525336133882,15.925492086543223,0.297965886112146
307,20.692623793737198,15.925492086543223,1.2993396801359829
308,33.41140025411511,15.925492086543223,2.097982283533153
309,11.73417005561542,15.925492086543223,0.7368167961058233
311,30.98692369781486,15.925492086543223,1.9457435619209718
312,4.473378659958043,15.925492086543223,0.2808942188818124
313,15.882462419301506,15.925492086543223,0.9972980635695348
314,14.23911059164242,15.925492086543223,0.8941080447789889
315,14.119040482532258,15.925492086543223,0.8865685534742511
316,8.364742520892868,15.925492086543223,0.525242326920682
317,2.1936025910916626,15.925492086543223,0.13774158934437075
318,5.603708214458196,15.925492086543223,0.35187033367673687
319,6.582606028297213,15.925492086543223,0.4133376847965286
320,10.930729057768968,15.925492086543223,0.6863668009985859
321,25.516928872764336,15.925492086543223,1.6022694139747002
322,9.415363590619348,15.925492086543223,0.5912133540021143
323,9.140186201047106,15.925492086543223,0.5739343030266809
324,7.393160840402655,15.925492086543223,0.46423437343262713
326,16.05465624072209,15.925492086543223,1.0081105282949472
327,7.886430916962419,15.925492086543223,0.4952079894364032
328,15.192517226759625,15.925492086543223,0.9539747433987958
329,4.500939520733431,15.925492086543223,0.2826248317021645
330,14.74632588207482,15.925492086543223,0.9259573143447933
331,21.511860601550215,15.925492086543223,1.3507815321906054
332,9.857415079815919,15.925492086543223,0.6189708315603806
333,17.38742375190931,15.925492086543223,1.0917982099028134
335,10.329774536725333,15.925492086543223,0.6486314193992048
336,8.347806427253115,15.925492086543223,0.5241788688154179
337,25.1687744140908,15.925492086543223,1.5804079570864877
338,10.5451834701914,15.925492086543223,0.6621574650809005
339,21.54427158625222,15.925492086543223,1.3528166959724135
340,19.653411900471315,15.925492086543223,1.2340850627201732
341,10.68192333132272,15.925492086543223,0.6707436902592648
342,4.272925088247809,15.925492086543223,0.26830725638037645
343,22.480063218376067,15.925492086543223,1.4115773061336891
344,43.34642871565954,15.925492086543223,2.721826646241378
345,13.52545596112075,15.925492086543223,0.8492959519002579
347,40.7595129151086,15.925492086543223,2.5593879732953253
348,6.235733670317906,15.925492086543223,0.3915567340984708
349,32.13226449831733,15.925492086543223,2.017662269002574
350,18.184975389798442,15.925492086543223,1.141878397915531
352,26.503050098948417,15.925492086543223,1.6641903405511127
353,20.706207948199424,15.925492086543223,1.3001926619081257
354,8.363949853248704,15.925492086543223,0.5251925534103968
355,6.78558677980972,15.925492086543223,0.42608333500372203
356,11.375250585927407,15.925492086543223,0.7142793782516338
357,11.853712625716886,15.925492086543223,0.7443231619657817
358,10.205319775793559,15.925492086543223,0.6408166052474376
359,8.523242108854676,15.925492086543223,0.5351948977486651
360,41.203173623830715,15.925492086543223,2.587246497622935
361,21.167411892806467,15.925492086543223,1.329152768264698
362,3.455567174669577,15.925492086543223,0.21698338461952293
363,26.114650140496344,15.925492086543223,1.6398017718123004
364,7.093067484574474,15.925492086543223,0.4453907889331721
365,13.733223507494527,15.925492086543223,0.8623421764843847
366,7.665944075380869,15.925492086543223,0.4813630896754811
367,7.752827616507177,15.925492086543223,0.48681871645637803
368,37.940221227853264,15.925492086543223,2.382357858813802
369,14.787501466899139,15.925492086543223,0.9285428284752553
370,4.990050783054405,15.925492086543223,0.3133373057446002
371,26.053861493822907,15.925492086543223,1.6359847062960138
372,55.326695202752205,15.925492086543223,3.4740964299308748
373,7.869608690584382,15.925492086543223,0.49415168133071824
374,13.887647014672682,15.925492086543223,0.8720388003839149
375,23.306816054674204,15.925492086543223,1.463491107717047
376,18.527942070838904,15.925492086543223,1.1634141017529191
377,26.583420953127803,15.925492086543223,1.6692370200347124
378,31.46628075314593,15.925492086543223,1.9758435458163592
380,20.641702131239157,15.925492086543223,1.2961421863178126
381,8.921617820723153,15.925492086543223,0.5602098680681756
382,3.9045880751819237,15.925492086543223,0.24517848829809386
384,17.988874933243437,15.925492086543223,1.1295647779978955
385,8.949727904501637,15.925492086543223,0.561974967923535
386,5.255296216848817,15.925492086543223,0.32999270529853547
387,24.748272671410753,15.925492086543223,1.5540036400082502
388,9.164429315532757,15.925492086543223,0.5754565865676796
390,19.2223007351967,15.925492086543223,1.2070145544475344
391,25.350539174377914,15.925492086543223,1.5918214041121341
392,64.95807703403455,15.925492086543223,4.078874089480918
393,21.185280268284505,15.925492086543223,1.3302747665917158
394,21.2109314798309,15.925492086543223,1.3318854679381484
395,27.28606823562226,15.925492086543223,1.713357935022839
396,49.77189644317468,15.925492086543223,3.1252972387102003
397,9.709517558354234,15.925492086543223,0.6096839900199138
398,23.323778746486315,15.925492086543223,1.4645562359856072
399,22.623278997004917,15.925492086543223,1.4205701697670752
400,5.946418563498462,15.925492086543223,0.373389941810532
401,39.326832441821985,15.925492086543223,2.4694265161861155
402,20.01485387562603,15.925492086543223,1.256780874767333
404,40.22000056274624,15.925492086543223,2.5255106934329192
405,4.5469895103123745,15.925492086543223,0.28551642144574646
406,13.529007515350777,15.925492086543223,0.84951896254324
407,13.097214198712983,15.925492086543223,0.8224056203437451
408,23.893039303199252,15.925492086543223,1.5003014772390284
409,7.42244699337897,15.925492086543223,0.46607332150513675
410,32.19450478450366,15.925492086543223,2.0215704864597233
411,27.58107331308252,15.925492086543223,1.7318820142699434
412,30.140313299300246,15.925492086543223,1.8925828561849158
413,7.775573763080641,15.925492086543223,0.48824700177716157
414,15.779230434123015,15.925492086543223,0.9908158786161593
415,12.774870598393246,15.925492086543223,0.8021648894094645
416,18.130741431966168,15.925492086543223,1.1384729170966306
417,28.51767865015851,15.925492086543223,1.7906937189247343
418,20.28451638269814,15.925492086543223,1.2737136329896028
419,18.27435402952802,15.925492086543223,1.1474906979464419
420,6.322192377929041,15.925492086543223,0.39698568455986294
421,37.5210593363929,15.925492086543223,2.356037674220288
422,23.19526144022831,15.925492086543223,1.4564863248293547
423,11.135325468708517,15.925492086543223,0.6992139023520462
424,23.07185298641643,15.925492086543223,1.44873721082137
425,41.40851680195241,15.925492086543223,2.600140490286132
426,5.9445364205524855,15.925492086543223,0.3732717575223638
427,11.166203602965492,15.925492086543223,0.7011528147629893
428,15.432440864255188,15.925492086543223,0.9690401263829923
429,24.596709522346455,15.925492086543223,1.5444866248830242
430,7.036178580978444,15.925492086543223,0.4418185976761056
431,17.50579085309214,15.925492086543223,1.0992307652385978
432,41.84998980771559,15.925492086543223,2.6278616434765074
433,45.032279602032425,15.925492086543223,2.8276852832751054
434,6.820109839950494,15.925492086543223,0.4282511210886459
436,17.293920103850002,15.925492086543223,1.0859268906650037
437,16.839385015690542,15.925492086543223,1.0573855378647636
438,10.048309711093875,15.925492086543223,0.6309575651721638
439,20.98931097894173,15.925492086543223,1.3179693829792143
440,7.786847331003718,15.925492086543223,0.48895489625613986
441,18.069217103368068,15.925492086543223,1.1346096563406198
442,24.952990247362656,15.925492086543223,1.5668583496046267
443,7.71024208604456,15.925492086543223,0.4841446684438459
444,12.943518406826131,15.925492086543223,0.812754691439845
445,16.260214520382327,15.925492086543223,1.0210180277017586
446,33.36189120656226,15.925492086543223,2.094873491209261
447,6.224218799077779,15.925492086543223,0.3908336876031065
448,8.33941339353993,15.925492086543223,0.5236518500164021
449,56.83386357837617,15.925492086543223,3.568735161810155
450,54.391951472420985,15.925492086543223,3.4154016200467225
451,14.137284416320972,15.925492086543223,0.8877141340120186
452,61.280073026493824,15.925492086543223,3.8479233604514156
453,31.356241465176762,15.925492086543223,1.968933913927361
454,22.72238775483434,15.925492086543223,1.4267934473456165
455,41.712458936132975,15.925492086543223,2.6192257488469894
456,11.25797092822399,15.925492086543223,0.706915106110711
457,26.695977602538804,15.925492086543223,1.6763047231109716
458,27.821019569353226,15.925492086543223,1.7469488175415018
459,5.3326703981870445,15.925492086543223,0.33485121647782945
460,16.981459218098045,15.925492086543223,1.066306719178059
461,7.2028698583356,15.925492086543223,0.45228554440850877
462,43.5983645474451,15.925492086543223,2.737646303832897
463,12.564377049893858,15.925492086543223,0.7889474925870924
465,30.053186163795566,15.925492086543223,1.887111933526375
466,13.790380364159542,15.925492086543223,0.8659311931599392
467,35.924768721101195,15.925492086543223,2.2558027422874445
468,14.647417529609347,15.925492086543223,0.9197466207016719
470,17.232640568594064,15.925492086543223,1.0820790010724604
471,14.8644460789694,15.925492086543223,0.9333743659657219
472,5.192486177467055,15.925492086543223,0.3260487116661607
473,22.057960939014297,15.925492086543223,1.3850724875027824
474,26.31683055769558,15.925492086543223,1.6524971671005926
475,16.15260492852672,15.925492086543223,1.0142609622829428
476,15.506360016643269,15.925492086543223,0.9736816879740806
477,26.915195496103753,15.925492086543223,1.6900699425700414
478,2.9104723921081987,15.925492086543223,0.18275557052127134
479,27.553837557990292,15.925492086543223,1.7301718156183588
480,17.905975725350608,15.925492086543223,1.124359337095829
482,45.48119615725798,15.925492086543223,2.8558738348618338
483,26.7304366712729,15.925492086543223,1.6784684910213656
484,7.234530260088878,15.925492086543223,0.45427357727940704
485,17.454760537039483,15.925492086543223,1.096026448802073
486,16.514761668934593,15.925492086543223,1.0370016561616513
488,9.253225713470998,15.925492086543223,0.5810323262343536
489,12.108622869281373,15.925492086543223,0.7603295900358996
491,8.016463513430978,15.925492086543223,0.5033730493141092
492,24.84258033044654,15.925492086543223,1.5599254450314983
493,8.68810844399474,15.925492086543223,0.5455472519644179
494,13.082968281939621,15.925492086543223,0.8215110849224253
495,59.95306486579388,15.925492086543223,3.764597322330355
496,28.997182507835202,15.925492086543223,1.8208029208929337
497,4.289244040634519,15.925492086543223,0.2693319627001579
498,19.913354529610523,15.925492086543223,1.2504074863995553
499,14.356858874073597,15.925492086543223,0.9015017429951131
500,18.535160869735346,15.925492086543223,1.1638673875199907
501,18.273593929360942,15.925492086543223,1.1474429694264723
502,17.86286132545503,15.925492086543223,1.121652080097974
503,16.870333934307798,15.925492086543223,1.0593288949961521
504,6.632946939957271,15.925492086543223,0.41649871187101345
505,19.50143237283379,15.925492086543223,1.2245419021816084
506,4.641311525755772,15.925492086543223,0.29143912794240145
507,17.41952360121925,15.925492086543223,1.0938138367440753
508,4.8196825814391255,15.925492086543223,0.3026394760832337
509,20.865752817499878,15.925492086543223,1.3102108684686167
511,18.778493313407488,15.925492086543223,1.1791468176531263
512,9.651223928112351,15.925492086543223,0.6060235925938814
513,18.697340117204984,15.925492086543223,1.1740510130298534
514,6.56027571180308,15.925492086543223,0.4119355104478313
515,19.114769774794603,15.925492086543223,1.2002624264870452
516,34.41161469134032,15.925492086543223,2.1607881567702116
517,5.432668795881165,15.925492086543223,0.3411303566859124
518,45.26532680484171,15.925492086543223,2.8423188783654707
519,8.086811329055358,15.925492086543223,0.5077903580692856
520,7.373586567648289,15.925492086543223,0.4630052577074744
521,19.762942850831223,15.925492086543223,1.2409627748665037
522,23.97829167478107,15.925492086543223,1.5056546789560323
523,21.927710987310114,15.925492086543223,1.3768937793663951
524,3.8000874092921735,15.925492086543223,0.23861663982761228
525,11.700765276351794,15.925492086543223,0.7347192295702276
526,14.605050882739295,15.925492086543223,0.917086316917034
527,45.222231919415044,15.925492086543223,2.8396128467281136
528,29.412862908552214,15.925492086543223,1.8469044942985213
529,28.617763179086477,15.925492086543223,1.7969782675204125
530,5.801417768923473,15.925492086543223,0.3642849927271996
531,4.377242160779878,15.925492086543223,0.2748575765817984
532,15.46153649614415,15.925492086543223,0.9708671111776127
533,24.2165215051994,15.925492086543223,1.5206137037148106
534,72.69298075855312,15.925492086543223,4.564567321594884
535,6.084608727970092,15.925492086543223,0.3820672350282655
536,9.318046131211835,15.925492086543223,0.5851025563653025
537,15.044242997669814,15.925492086543223,0.944664247479169
538,5.603045097685117,15.925492086543223,0.3518286949776326
539,12.723332261960232,15.925492086543223,0.7989286731498386
540,12.319596360445267,15.925492086543223,0.7735771236139776
541,4.562062957145111,15.925492086543223,0.2864629194723583
542,3.5788210630961492,15.925492086543223,0.22472279309473858
543,15.8975051187474,15.925492086543223,0.9982426308936808
544,17.506789841780034,15.925492086543223,1.0992934941440824
545,16.620577717034458,15.925492086543223,1.043646100648819
546,18.52659767487643,15.925492086543223,1.1633296838928513
547,5.165897081663647,15.925492086543223,0.32437911830861066
548,14.497437905830214,15.925492086543223,0.9103290389425586
549,5.133064006720112,15.925492086543223,0.322317450464056
550,4.173604198868669,15.925492086543223,0.2620706585509716
551,5.58256446049926,15.925492086543223,0.35054266644711307
552,7.056080275288168,15.925492086543223,0.4430682729892183
553,4.880010056225479,15.925492086543223,0.3064275835061327
554,21.51238670495369,15.925492086543223,1.3508145674902756
555,14.066227718831227,15.925492086543223,0.8832523128573815
556,17.631177296435638,15.925492086543223,1.1071040819726814
558,22.91185264272314,15.925492086543223,1.4386904039268762
560,25.801651131839755,15.925492086543223,1.6201478102922624
561,3.174492379216722,15.925492086543223,0.19933402132667005
562,8.961551599513868,15.925492086543223,0.5627174062072613
563,14.864657930835513,15.925492086543223,0.9333876686545782
564,9.653571024051635,15.925492086543223,0.6061709724002025
565,6.582888979055856,15.925492086543223,0.4133554519560678
566,3.427508606252898,15.925492086543223,0.215221519537791
567,5.625529421063012,15.925492086543223,0.3532405397894418
568,20.6438720802509,15.925492086543223,1.2962784426419471
569,19.23144296797259,15.925492086543223,1.207588617259924
570,28.05893640999821,15.925492086543223,1.7618881889186675
571,12.585772964883526,15.925492086543223,0.7902909936150919
572,17.626036968746934,15.925492086543223,1.1067813084181333
573,9.941909658865029,15.925492086543223,0.6242764496593345
574,42.582833896000906,15.925492086543223,2.67387868862041
575,4.8267811644145935,15.925492086543223,0.30308521320312254
576,5.914504189425207,15.925492086543223,0.3713859614060444
578,26.445635965319838,15.925492086543223,1.6605851688354398
579,12.921437604916935,15.925492086543223,0.8113681847128188
580,9.146136917532749,15.925492086543223,0.5743079628453731
583,19.660419282560436,15.925492086543223,1.2345250731167776
584,7.735504507922624,15.925492086543223,0.48573095675071776
585,17.411958443443595,15.925492086543223,1.0933388022688737
586,10.164983184353623,15.925492086543223,0.6382837735320509
587,3.3207037884929074,15.925492086543223,0.20851498782250172
588,13.607581802852927,15.925492086543223,0.854452831278671
589,10.445007372477184,15.925492086543223,0.6558671666606172
590,33.24664236551606,15.925492086543223,2.0876367389368724
591,14.34084716605343,15.925492086543223,0.9004963292890151
592,25.175154761116907,15.925492086543223,1.5808085944414552
593,9.618307418417885,15.925492086543223,0.6039566856803876
594,14.606095184548993,15.925492086543223,0.9171518911425601
595,10.993391690166726,15.925492086543223,0.6903015385914486
596,35.24138148220236,15.925492086543223,2.2128912118188637
597,6.134856114025846,15.925492086543223,0.3852223894048271
598,28.38022702535149,15.925492086543223,1.7820628003910983
599,19.54939287694233,15.925492086543223,1.2275534577334188
600,24.64990231657734,15.925492086543223,1.5478267285320557
601,29.06720549652329,15.925492086543223,1.8251998329825299
602,19.320878673637033,15.925492086543223,1.2132045005983116
603,6.857435581280071,15.925492086543223,0.430594894274852
604,5.222518265680038,15.925492086543223,0.3279344988085473
605,14.80716533676492,15.925492086543223,0.9297775702188021
606,8.016558180690128,15.925492086543223,0.5033789936992896
607,27.083954262392016,15.925492086543223,1.7006667119113708
608,13.735738718060032,15.925492086543223,0.8625001126129411
609,11.148631749368151,15.925492086543223,0.7000494357589465
610,13.114498175096292,15.925492086543223,0.8234909228442508
611,15.355196833929643,15.925492086543223,0.9641897876992153
612,8.900212130758074,15.925492086543223,0.5588657532459299
613,9.133031033563451,15.925492086543223,0.5734850128292558
614,10.760646302655527,15.925492086543223,0.6756868952104843
616,23.20451784513765,15.925492086543223,1.457067556784954
617,20.079022186622584,15.925492086543223,1.2608101575454003
618,5.285168695596874,15.925492086543223,0.3318684701782467
619,10.367534077251646,15.925492086543223,0.6510024318816522
620,31.395241829895824,15.925492086543223,1.971382840749033
622,12.93292849828793,15.925492086543223,0.8120897255800367
623,4.824682069794392,15.925492086543223,0.30295340599686515
624,19.197006049482166,15.925492086543223,1.2054262402166724
625,27.277171617754647,15.925492086543223,1.7127992949620316
626,10.42625264913952,15.925492086543223,0.654689512416984
627,21.947723312604545,15.925492086543223,1.3781504014654598
628,7.356204487143819,15.925492086543223,0.46191379501294594
629,16.955045085396993,15.925492086543223,1.0646481121750533
630,6.411314590815793,15.925492086543223,0.40258188293178376
631,9.676648141228386,15.925492086543223,0.6076200401622122
632,21.71598997030569,15.925492086543223,1.3635993068405932
633,23.093731289933125,15.925492086543223,1.4501110021866732
634,6.734738514174126,15.925492086543223,0.42289044995129965
635,9.431384909916321,15.925492086543223,0.5922193712234289
636,18.787591240481394,15.925492086543223,1.1797180984037912
637,16.322289495870518,15.925492086543223,1.02491586490207
638,16.980669273171344,15.925492086543223,1.0662571166337604
639,5.502470202445193,15.925492086543223,0.34551335510032305
640,6.903226397330152,15.925492086543223,0.43347020988841306
641,42.180252383454764,15.925492086543223,2.648599625947909
642,8.405306695744446,15.925492086543223,0.5277894491465537
644,18.32029188480404,15.925492086543223,1.1503752465071007
645,3.9956536496999444,15.925492086543223,0.25089671502685973
646,25.513391021786745,15.925492086543223,1.602047263791939
648,3.2062777671918274,15.925492086543223,0.2013299023834296
649,9.461830580714823,15.925492086543223,0.5941311282123529
650,7.753979013228289,15.925492086543223,0.4868910154292986
651,4.025358709885379,15.925492086543223,0.25276196729184525
652,16.47542477049714,15.925492086543223,1.0345315975773584
653,9.129073433809356,15.925492086543223,0.5732365056099756
654,14.106111951047417,15.925492086543223,0.8857567398477343
655,27.98960608779959,15.925492086543223,1.7575347710260296
656,3.5095849722459915,15.925492086543223,0.22037529221539928
657,12.850463592381486,15.925492086543223,0.8069115555455844
658,10.965740483253102,15.925492086543223,0.6885652527195044
659,4.063220956021292,15.925492086543223,0.255139428906856
660,5.530743242288754,15.925492086543223,0.3472886873594405
661,7.100090778652183,15.925492086543223,0.44583179848185933
662,21.08705367370531,15.925492086543223,1.3241068821680884
663,10.991233959291888,15.925492086543223,0.6901660494735543
665,7.470684454124398,15.925492086543223,0.46910226783114617
666,14.046794881002606,15.925492086543223,0.8820320781718208
667,5.604727741487604,15.925492086543223,0.3519343522341458
668,13.384245574124812,15.925492086543223,0.8404290116369012
669,7.830381432913204,15.925492086543223,0.4916885073541776
670,13.213492357495731,15.925492086543223,0.8297070059556222
672,29.403167169069174,15.925492086543223,1.846295675467031
673,6.625160273350799,15.925492086543223,0.41600976832288594
674,4.924044734122069,15.925492086543223,0.3091926269758914
675,27.598568137540042,15.925492086543223,1.7329805564287948
676,13.334948790142873,15.925492086543223,0.8373335478538012
677,12.201046244403884,15.925492086543223,0.7661330763344868
678,34.486128902474036,15.925492086543223,2.1654670835329632
679,7.121296176412609,15.925492086543223,0.4471633364742297
680,5.321397429535841,15.925492086543223,0.3341433596285752
681,11.240848866734375,15.925492086543223,0.7058399706363049
682,2.7896618580109442,15.925492086543223,0.17516958614849726
683,3.0102518478226616,15.925492086543223,0.18902096283519393
684,10.449277023946099,15.925492086543223,0.6561352683585561
685,24.637891764370075,15.925492086543223,1.5470725570350623
686,7.835866170054722,15.925492086543223,0.49203290720767734
687,17.893717921354803,15.925492086543223,1.1235896400635996
688,7.9779719326793455,15.925492086543223,0.5009560702630094
689,13.957358908287482,15.925492086543223,0.8764161780646778
690,13.573477305277677,15.925492086543223,0.8523113277452219
691,7.492024101238349,15.925492086543223,0.4704422356637247
692,25.23046531741042,15.925492086543223,1.584281677470409
693,5.5494411282222025,15.925492086543223,0.3484627726455868
694,13.264870763864172,15.925492086543223,0.8329331798213487
695,14.539055325140968,15.925492086543223,0.912942296924453
697,4.985970724600228,15.925492086543223,0.31308110904863595
698,30.451457416587886,15.925492086543223,1.9121203446089345
699,15.623769714649384,15.925492086543223,0.9810541256587739
700,8.539495247194195,15.925492086543223,0.5362154714459295
701,21.144407626274692,15.925492086543223,1.327708274970126
702,4.590974842731213,15.925492086543223,0.28827836639412296
703,15.320983825137922,15.925492086543223,0.9620414704851664
704,14.590873302520627,15.925492086543223,0.916196072512552
705,15.057201951336001,15.925492086543223,0.9454779713877154
706,18.433143805202786,15.925492086543223,1.157461490359754
707,25.172170096128646,15.925492086543223,1.58062118013915
708,3.9922667343175973,15.925492086543223,0.25068404245360787
709,14.643210856803393,15.925492086543223,0.9194824735856459
710,2.117573179511121,15.925492086543223,0.1329675194966462
711,15.486086374086854,15.925492086543223,0.9724086571348298
712,15.921050237990377,15.925492086543223,0.9997210856324749
713,14.701883375913395,15.925492086543223,0.9231666623561505
714,22.35901623991402,15.925492086543223,1.4039764748498427
715,26.72399224045111,15.925492086543223,1.6780638296905401
716,3.872067991288589,15.925492086543223,0.24313647391532864
717,13.674239675477754,15.925492086543223,0.8586384396267579
718,7.369572945180024,15.925492086543223,0.4627532326870572
720,19.81146245464342,15.925492086543223,1.2440094376351345
721,18.208486407969627,15.925492086543223,1.1433547113659048
722,25.346283099647977,15.925492086543223,1.5915541549303314
723,7.59444076256099,15.925492086543223,0.4768732244687225
724,4.350361690731347,15.925492086543223,0.27316968713370754
725,2.906384288966237,15.925492086543223,0.18249886867998782
726,8.1300233385611,15.925492086543223,0.510503744209627
727,10.478366981458478,15.925492086543223,0.6579618968454058
728,18.5610523939222,15.925492086543223,1.1654931786758402
729,20.335648758882893,15.925492086543223,1.2769243580276042
730,20.968805150956243,15.925492086543223,1.3166817726577213
732,18.515034136292446,15.925492086543223,1.162603581457765
733,19.09025184572378,15.925492086543223,1.198722886676433
734,6.774953078674854,15.925492086543223,0.42541561930130734
735,32.524749618225584,15.925492086543223,2.0423073548671353
736,23.5488176829943,15.925492086543223,1.4786869727493483
737,9.73643380368192,15.925492086543223,0.611374125883937
738,25.288202974519425,15.925492086543223,1.5879071640045295
739,8.774838617129532,15.925492086543223,0.5509932483997858
740,21.99424231310083,15.925492086543223,1.381071441534017
743,23.82362207189901,15.925492086543223,1.4959426021146045
744,6.108507524059993,15.925492086543223,0.3835678979880051
745,5.647196413102583,15.925492086543223,0.35460106239821443
746,30.9729789538445,15.925492086543223,1.944867937865239
747,10.427562624636954,15.925492086543223,0.6547717689331605
748,7.917249101338558,15.925492086543223,0.49714313744995686
749,7.968511014517206,15.925492086543223,0.5003619964277566
750,20.243607774754224,15.925492086543223,1.271144882980397
751,10.90226123939733,15.925492086543223,0.6845792381266235
753,9.40557450730873,15.925492086543223,0.5905986738868989
754,18.51428192002999,15.925492086543223,1.1625563479871528
755,10.989496447834595,15.925492086543223,0.6900569469448632
756,4.407885366975609,15.925492086543223,0.27678173729402056
757,19.0954475767994,15.925492086543223,1.1990491391430684
758,6.978671894136467,15.925492086543223,0.43820761432127614
760,20.36504876279774,15.925492086543223,1.2787704550747208
761,11.205595285804455,15.925492086543223,0.703626313391785
762,4.157147908927489,15.925492086543223,0.26103732847540767
763,18.298195869945328,15.925492086543223,1.1489877845223384
764,18.00650348467869,15.925492086543223,1.1306717171957208
765,10.982900609841012,15.925492086543223,0.6896427783931011
766,14.649942645035324,15.925492086543223,0.9199051787802703
767,15.078703118824995,15.925492086543223,0.9468280814736174
768,29.263457004374,15.925492086543223,1.8375229377747855
769,14.567575798763254,15.925492086543223,0.9147331661464084
770,16.163777889787976,15.925492086543223,1.0149625394273438
771,19.86396642241526,15.925492086543223,1.2473062882119657
772,19.871080382568937,15.925492086543223,1.2477529909019058
773,8.785238456890978,15.925492086543223,0.5516462793833767
774,13.474667797825463,15.925492086543223,0.8461068408185223
775,28.520928962572416,15.925492086543223,1.7908978138686296
776,8.672857228586148,15.925492086543223,0.5445895914208245
778,2.5390705435934713,15.925492086543223,0.1594343540403969
779,6.576151846559579,15.925492086543223,0.41293241118221513
780,21.104164911103204,15.925492086543223,1.3251813379717086
781,7.987939938223887,15.925492086543223,0.5015819853361746
782,6.0398947498987665,15.925492086543223,0.3792595366646396
783,18.22601426013124,15.925492086543223,1.1444553274138336
784,12.663660719814153,15.925492086543223,0.7951817533170442
785,15.972228342488235,15.925492086543223,1.002934682061379
786,17.970967488531397,15.925492086543223,1.128440326419588
787,16.641864407619767,15.925492086543223,1.0449827432134338
788,12.357011022461743,15.925492086543223,0.7759264803442534
789,10.334619568853105,15.925492086543223,0.6489356506343492
790,4.568618612170965,15.925492086543223,0.28687456483880786
791,4.886002000177629,15.925492086543223,0.30680383209673123
792,14.810969025823347,15.925492086543223,0.9300164130148525
793,5.84622178570612,15.925492086543223,0.3670983448383413
794,11.795019055442129,15.925492086543223,0.7406376513419466
795,9.4244912610285,15.925492086543223,0.5917865024084272
796,2.9027565897146244,15.925492086543223,0.18227107670772733
797,32.34409606841118,15.925492086543223,2.0309636834230957
798,10.373560943240161,15.925492086543223,0.6513808733110136
799,8.819520303728543,15.925492086543223,0.5537989191041005
800,9.208096882030718,15.925492086543223,0.5781985782286381
801,23.508668608759184,15.925492086543223,1.4761659156908324
802,22.045823340868743,15.925492086543223,1.3843103384853708
803,4.79516940102214,15.925492086543223,0.3011002344520317
804,8.647827910074337,15.925492086543223,0.543017940235681
805,10.381735494171236,15.925492086543223,0.6518941730499889
806,5.425034325535922,15.925492086543223,0.34065096990754756
807,19.368467800973832,15.925492086543223,1.216192736508272
808,21.39556169876584,15.925492086543223,1.3434788440129102
809,6.95251384524596,15.925492086543223,0.43656508743743744
811,7.518430868405896,15.925492086543223,0.47210038016714384
812,7.631613334630989,15.925492086543223,0.47920737978825634
813,7.988359554188793,15.925492086543223,0.5016083340331332
814,12.23426553703209,15.925492086543223,0.7682189957175541
815,8.705449173205812,15.925492086543223,0.5466361181116515
816,18.759456512817707,15.925492086543223,1.1779514510995321
817,10.925416847567156,15.925492086543223,0.686033234527111
818,6.215028473258438,15.925492086543223,0.3902566049127006
819,15.169514270424589,15.925492086543223,0.9525303323746321
820,13.021778165947252,15.925492086543223,0.8176688101807817
821,21.161891060814742,15.925492086543223,1.32880610192863
822,36.65145725224497,15.925492086543223,2.3014332651745715
823,13.695932341858361,15.925492086543223,0.8600005743892333
824,13.795290941177822,15.925492086543223,0.8662395401166043
825,14.103948488719205,15.925492086543223,0.8856208908380802
826,32.70790147700616,15.925492086543223,2.053807901147607
827,9.759389384873119,15.925492086543223,0.6128155621087301
828,31.455629756064738,15.925492086543223,1.9751747440598224
829,8.559604044923514,15.925492086543223,0.5374781512815066
830,3.4951426876568936,15.925492086543223,0.21946842638603498
831,30.103882427238595,15.925492086543223,1.8902952739950736
832,14.518512149868016,15.925492086543223,0.91165234147684
833,10.116413836070622,15.925492086543223,0.6352339871883033
834,22.359546754969962,15.925492086543223,1.4040097871677955
835,21.045102856823107,15.925492086543223,1.3214726893497923
836,20.216697315284705,15.925492086543223,1.2694551104243417
837,10.802376429134505,15.925492086543223,0.6783072303468936
838,4.140530992160319,15.925492086543223,0.2599939122546172
840,35.52668458810097,15.925492086543223,2.2308060809072536
841,7.116218077268126,15.925492086543223,0.44684447039983227
842,13.866965947776556,15.925492086543223,0.8707401863892114
843,21.62470436578894,15.925492086543223,1.3578672638983293
844,13.515224223844092,15.925492086543223,0.8486534764765123
845,3.202921235451056,15.925492086543223,0.20111913767220238
846,4.442844099131669,15.925492086543223,0.27897688027397277
847,11.106096914238273,15.925492086543223,0.697378571028442
848,10.207296797978483,15.925492086543223,0.6409407472315082
849,14.541932491985465,15.925492086543223,0.913122961159433
850,7.655842728996045,15.925492086543223,0.48072880180984207
851,18.2671078859071,15.925492086543223,1.1470356951382688
852,9.83086516574697,15.925492086543223,0.6173036985182949
853,7.107664600754926,15.925492086543223,0.446307377011024
854,12.659305633766998,15.925492086543223,0.7949082869761934
855,8.99562394541225,15.925492086543223,0.5648568908594921
856,19.41090753605617,15.925492086543223,1.2188576296777707
857,6.3126082203465055,15.925492086543223,0.39638387222461746
859,20.68070060584901,15.925492086543223,1.2985909944549758
860,12.299915821790556,15.925492086543223,0.7723413351970317
861,26.976829796153506,15.925492086543223,1.6939401086983354
862,16.248995531089886,15.925492086543223,1.0203135603464346
863,34.18411625344106,15.925492086543223,2.146502981991123
864,4.4754433662249244,15.925492086543223,0.2810238667605505
865,9.205021943179322,15.925492086543223,0.5780054954130688
866,7.669997370491014,15.925492086543223,0.48161760583662183
867,53.39403680220368,15.925492086543223,3.3527401547184064
868,11.258789586497857,15.925492086543223,0.7069665116352258
869,9.657748577512871,15.925492086543223,0.6064332910424481
870,3.3578342942110964,15.925492086543223,0.2108465016945009
871,10.013891946587597,15.925492086543223,0.6287963908537036
872,10.500463845944475,15.925492086543223,0.6593494121803114
873,7.549577504919144,15.925492086543223,0.4740561524813674
874,19.78749506824556,15.925492086543223,1.2425044677247785
875,21.50406023089533,15.925492086543223,1.3502917281322757
876,19.624582665411154,15.925492086543223,1.232274805623972
877,12.144548337217374,15.925492086543223,0.7625854366835746
878,10.626870653311746,15.925492086543223,0.6672868000286959
879,21.228702034905822,15.925492086543223,1.3330013238864828
880,22.322668939620257,15.925492086543223,1.4016941403325642
881,25.15299713027933,15.925492086543223,1.5794172634409958
882,10.648553202992016,15.925492086543223,0.6686482995391939
883,45.84301880173471,15.925492086543223,2.8785935500524533
884,10.064100165092015,15.925492086543223,0.6319490858053933
885,31.38926463227048,15.925492086543223,1.9710075181158069
886,5.859566709813406,15.925492086543223,0.3679363047603812
887,16.352866366454332,15.925492086543223,1.02683586024147
888,18.818912685710682,15.925492086543223,1.1816848473782704
889,10.244574898302231,15.925492086543223,0.6432815289242289
890,8.10959374883146,15.925492086543223,0.5092209210718162
891,14.289119964672883,15.925492086543223,0.8972482537445078
892,15.350545736169257,15.925492086543223,0.9638977340700332
893,22.84429205444715,15.925492086543223,1.4344481118891264
894,28.523700147094925,15.925492086543223,1.7910718232183844
895,13.61041257775866,15.925492086543223,0.8546305824520948
896,25.761346797343194,15.925492086543223,1.6176170040680315
897,4.742123777904478,15.925492086543223,0.2977693720316181
899,14.23771412327888,15.925492086543223,0.894020357167457
900,27.671308999233464,15.925492086543223,1.7375481303095972
901,3.785266710952856,15.925492086543223,0.23768601248757293
902,28.370642881399235,15.925492086543223,1.781460988911731
903,17.961196798714877,15.925492086543223,1.127826801276162
904,10.668812019730524,15.925492086543223,0.6699203994296348
905,19.077793947237126,15.925492086543223,1.1979406252292542
906,12.6434228887524,15.925492086543223,0.7939109711677848
907,12.806377992685514,15.925492086543223,0.8041433145734123
909,5.641045855877881,15.925492086543223,0.35421485409825865
910,13.553857581268533,15.925492086543223,0.8510793580263255
911,25.246650670297818,15.925492086543223,1.5852979947558934
912,43.666348600772565,15.925492086543223,2.7419151862610205
913,17.080493956301922,15.925492086543223,1.0725253488860578
914,2.737821262620483,15.925492086543223,0.17191439032103106
915,20.61103337294698,15.925492086543223,1.29421642112792
916,26.930582923606284,15.925492086543223,1.6910361561990401
917,10.303602195713735,15.925492086543223,0.6469879950786643
918,12.575679190920575,15.925492086543223,0.7896571812400582
919,10.207276716073983,15.925492086543223,0.6409394862403632
920,24.994104552102534,15.925492086543223,1.5694400158110116
921,14.865920025384638,15.925492086543223,0.9334669186107031
922,3.432386307795637,15.925492086543223,0.21552780216417594
923,7.221489476300614,15.925492086543223,0.4534547150604315
924,10.29557410329379,15.925492086543223,0.6464838918223054
925,50.06248029988033,15.925492086543223,3.1435436988589065
928,27.902273497034543,15.925492086543223,1.7520509473369117
929,32.81266068101928,15.925492086543223,2.0603859838494682
930,3.438659654192976,15.925492086543223,0.21592172069198332
931,3.4765635260226326,15.925492086543223,0.21830179608454744
933,16.50285725881185,15.925492086543223,1.0362541495817572
934,4.150388786266093,15.925492086543223,0.2606129068861302
935,15.353698163537054,15.925492086543223,0.9640956825761556
937,6.158081820863235,15.925492086543223,0.38668078746946305
938,9.48285915343417,15.925492086543223,0.5954515629345626
939,17.662998183233352,15.925492086543223,1.1091021920860011
940,12.619874371332282,15.925492086543223,0.7924323030492645
941,9.031938028111567,15.925492086543223,0.5671371395640205
942,4.8136153228740675,15.925492086543223,0.30225849830671747
943,22.27880463462614,15.925492086543223,1.3989397949876452
944,14.139470582643327,15.925492086543223,0.8878514086601409
945,11.989782604810731,15.925492086543223,0.7528673236377983
946,35.501404363254274,15.925492086543223,2.229218674709108
947,6.798419848295116,15.925492086543223,0.42688915427860896
948,11.292653585189885,15.925492086543223,0.7090929136646265
949,4.696756991854526,15.925492086543223,0.29492068228291723
950,13.304696749176948,15.925492086543223,0.8354339493483656
952,28.568445837325907,15.925492086543223,1.7938815128648848
953,9.832971700110736,15.925492086543223,0.6174359728839672
954,23.0497190310075,15.925492086543223,1.4473473664580907
955,10.152960966957467,15.925492086543223,0.6375288695497549
956,13.769970650663625,15.925492086543223,0.86464961809871
957,8.71586086598367,15.925492086543223,0.5472898933746875
958,9.255213814978198,15.925492086543223,0.5811571639157512
959,13.958575833786309,15.925492086543223,0.8764925917473579
960,6.453777614736325,15.925492086543223,0.40524823846351726
961,14.14927251373008,15.925492086543223,0.8884668955181599
962,13.472514992775455,15.925492086543223,0.8459716610050315
964,8.560888501455345,15.925492086543223,0.5375588054003778
965,13.588106090684525,15.925492086543223,0.8532299044100653
966,4.3729672423902235,15.925492086543223,0.2745891441612224
967,9.283852378719883,15.925492086543223,0.5829554483006892
968,5.5367997446616535,15.925492086543223,0.347668989728748
969,6.84396733209687,15.925492086543223,0.4297491904743031
970,15.73921324899188,15.925492086543223,0.9883031031920989
971,4.220441646216903,15.925492086543223,0.2650116946642488
972,13.091856562647656,15.925492086543223,0.8220692014729051
973,12.474945018623572,15.925492086543223,0.7833318399727626
974,25.046110277530914,15.925492086543223,1.572705580551226
976,7.015139384378814,15.925492086543223,0.44049749585486847
977,6.755449098496862,15.925492086543223,0.42419091741630416
978,40.55662548703778,15.925492086543223,2.5466481830917775
979,10.805499006304728,15.925492086543223,0.678503304487225
980,22.254489046500208,15.925492086543223,1.3974129606522414
981,12.015106833011629,15.925492086543223,0.7544574929125233
982,10.139915385383997,15.925492086543223,0.6367097060662922
983,37.474074771833315,15.925492086543223,2.3530874002630218
984,7.767341221847753,15.925492086543223,0.48773006068748276
985,5.842132152663777,15.925492086543223,0.3668415469309286
986,10.902900676481078,15.925492086543223,0.684619389921009
987,23.42054345734805,15.925492086543223,1.4706323252100963
988,11.539810415813497,15.925492086543223,0.7246124862643614
989,16.09323983590354,15.925492086543223,1.0105332851536852
990,20.659442501050307,15.925492086543223,1.2972561468607424
991,12.920534817106011,15.925492086543223,0.8113114964920707
992,19.931621020054113,15.925492086543223,1.2515544833240038
993,11.913851682244895,15.925492086543223,0.748099438152489
995,26.507595233848274,15.925492086543223,1.6644757405171018
996,3.1342687674126126,15.925492086543223,0.19680828387469534
997,13.465708851555807,15.925492086543223,0.8455442870072509
998,20.82331725211679,15.925492086543223,1.3075462371245752
999,11.583063129612409,15.925492086543223,0.7273284283252952
1000,4.6611821324575695,15.925492086543223,0.29268685118974697
1001,39.46805984656862,15.925492086543223,2.4782945250350212
1002,35.60999611848954,15.925492086543223,2.236037412531786
1003,8.149397535632401,15.925492086543223,0.5117202967008164
1004,4.95331982120399,15.925492086543223,0.31103088019424296
1005,35.35640983408967,15.925492086543223,2.220114119045982
1006,10.137480854997971,15.925492086543223,0.6365568360404998
1007,13.53475687230896,15.925492086543223,0.8498799785122877
1009,10.877941123250803,15.925492086543223,0.6830521194659023
1010,9.62688673657356,15.925492086543223,0.6044954017281589
1011,24.901848063638763,15.925492086543223,1.5636470087276244
1012,11.326339455114935,15.925492086543223,0.7112081305597775
1013,20.01310187365804,15.925492086543223,1.256670862344579
1014,38.13620505078928,15.925492086543223,2.3946641550256236
1015,3.0114999409634042,15.925492086543223,0.18909933360916814
1016,6.667180243956135,15.925492086543223,0.41864830346999404
1017,40.375953367224255,15.925492086543223,2.5353033455927725
1018,6.046772122963216,15.925492086543223,0.3796913834814962
1019,13.483410917698453,15.925492086543223,0.8466558423705923
1020,8.746935986295156,15.925492086543223,0.5492411750143766
1021,22.51828065020397,15.925492086543223,1.4139770707136607
1022,7.802703296896781,15.925492086543223,0.48995053053901777
1024,24.187004341650034,15.925492086543223,1.518760249932098
1025,7.600338264504768,15.925492086543223,0.47724354281817943
1026,21.452461604356465,15.925492086543223,1.3470517261117125
1027,8.022189603774438,15.925492086543223,0.5037326043163876
1028,23.358981056036267,15.925492086543223,1.4667666737767067
1029,11.61834275167715,15.925492086543223,0.7295437207553829
1030,10.414108596085235,15.925492086543223,0.6539269580803085
1031,17.76702420285244,15.925492086543223,1.1156342363741012
1032,14.081848828175776,15.925492086543223,0.8842331999319949
1033,5.0172341967859015,15.925492086543223,0.3150442177560957
1034,18.65284340660002,15.925492086543223,1.1712569574136653
1035,16.984380806626824,15.925492086543223,1.0664901727575717
1036,8.228542272022484,15.925492086543223,0.5166899852956799
1038,12.048463741177322,15.925492086543223,0.7565520535065962
1039,3.7517241475518097,15.925492086543223,0.2355797941541759
1040,36.18464326170346,15.925492086543223,2.2721208905236203
1041,21.136638880713218,15.925492086543223,1.3272204567275712
1042,14.478442577050046,15.925492086543223,0.9091362765037628
1043,5.165678949368368,15.925492086543223,0.3243654212564823
1044,17.1580319774119,15.925492086543223,1.07739414795918
1045,11.687012680184866,15.925492086543223,0.7338556709378041
1046,4.193498591468204,15.925492086543223,0.26331987537211743
1048,4.944501739966687,15.925492086543223,0.3104771716375853
1049,13.09949922585853,15.925492086543223,0.822549102701033
1050,3.279965340712981,15.925492086543223,0.2059569225797737
1051,29.355863382915114,15.925492086543223,1.8433253568170953
1052,7.1945415415767995,15.925492086543223,0.4517625893429107
1053,42.570076605839226,15.925492086543223,2.6730776276489587
1054,21.336159311473814,15.925492086543223,1.3397488250615825
1055,24.488037704522714,15.925492086543223,1.537662859737609
1056,3.9240147264095553,15.925492086543223,0.2463983345120797
1057,6.277645778417425,15.925492086543223,0.3941884962990834
1058,13.15348536380611,15.925492086543223,0.8259390223125719
1059,11.954130100300665,15.925492086543223,0.7506286170209904
1060,3.804285578846583,15.925492086543223,0.2388802530039961
1061,37.076574427671105,15.925492086543223,2.3281273963898546
1062,44.78267486666525,15.925492086543223,2.8120120008414604
1063,13.907000807182282,15.925492086543223,0.8732540716235366
1064,14.989739556299593,15.925492086543223,0.9412418451399486
1065,16.177302036082864,15.925492086543223,1.0158117531421473
1066,32.97814425594417,15.925492086543223,2.070777096037752
1068,11.69526972357157,15.925492086543223,0.7343741505767272
1069,4.555072521267529,15.925492086543223,0.2860239731691864
1070,11.739933118099884,15.925492086543223,0.7371786726778718
1071,12.341878069252848,15.925492086543223,0.7749762457689788
1072,13.987269180777577,15.925492086543223,0.8782943161044667
1073,2.4907079458589667,15.925492086543223,0.1563975500614875
1074,6.290152044069977,15.925492086543223,0.3949737948370871
1075,11.510289972896468,15.925492086543223,0.7227588265622557
1076,6.6828366286427,15.925492086543223,0.41963140556828293
1077,15.510384727014952,15.925492086543223,0.9739344092306554
1078,6.62497160192351,15.925492086543223,0.4159979211896065
1079,11.89307768104608,15.925492086543223,0.7467949885891145
1080,3.2637348258910706,15.925492086543223,0.204937769467662
1081,8.485531503912085,15.925492086543223,0.5328269580493666
1082,3.5289290383456744,15.925492086543223,0.22158995271031914
1083,14.522757082459192,15.925492086543223,0.9119188910169176
1085,10.445512446747278,15.925492086543223,0.6558988814903599
1088,1.7997079600176775,15.925492086543223,0.11300799687931784
1089,7.466378403330409,15.925492086543223,0.46883188053192876
1092,22.128108036193698,15.925492086543223,1.3894771926634268
1093,10.362864915382444,15.925492086543223,0.6507092439635754
1094,3.112948387275613,15.925492086543223,0.1954695258619985
1095,15.524725004009113,15.925492086543223,0.9748348697574782
1097,7.567665735744197,15.925492086543223,0.47519195605508163
1098,25.310646333292247,15.925492086543223,1.5893164365501349
